Freq,Zobs_re,Zobs_im,Zsim_re,Zsim_im
100.0,23.4807174317326,82.83537110412824,13.238099452876687,50.488201127273314
100.873,23.593349954861615,83.48510054640148,13.241318939551629,50.92895061318354
101.754,23.70535436975748,84.12371878498357,13.244596293375622,51.37373870988829
102.643,23.814830966041843,84.75755801977282,13.247932290425714,51.82256540540101
103.539,23.923618320247705,85.39095597954825,13.251323912061588,52.27492582115376
104.443,24.030635305592916,86.02487505416187,13.25477568378624,52.731324811808996
105.355,24.138343537304234,86.65916948634586,13.258288401913532,53.19176236466385
106.275,24.2452638410345,87.29923920457755,13.261862869795872,53.656238466762716
107.203,24.354064583785696,87.93643939593488,13.265499897823874,54.12475310489348
108.139,24.460829655645224,88.58121610899262,13.269200303426075,54.59730626558397
109.083,24.56900604842851,89.22764642173436,13.272964911068591,55.073897935098096
110.036,24.675420914599183,89.87984414751543,13.276798592479084,55.55503296282815
110.997,24.78406358404718,90.53460277450493,13.28069821649165,56.040206470201966
111.966,24.890437137525392,91.19106514594179,13.284664629563515,56.52941844264557
112.944,25.000093291987707,91.8533980674234,13.288702832161729,57.02317372732625
113.93,25.107242447692318,92.51975025320142,13.292809610194105,57.52096744613734
114.925,25.218030113844385,93.18730684404841,13.296990051798424,58.02330444469337
115.928,25.326771062383294,93.86106304000516,13.301240886361315,58.529679845208314
116.941,25.435773021691116,94.54057692587378,13.30557158463256,59.041103351765095
117.962,25.546523166311268,95.22186377614193,13.30997459945293,59.556565225824244
118.992,25.656930159470168,95.90805973208455,13.314455199028398,60.0765703097142
120.031,25.766931038865447,96.6009617489453,13.319014403921228,60.60111858482934
121.079,25.882896415049103,97.29440752319061,13.323653243597079,61.1302100321967
122.136,25.997408514697348,97.99164749940337,13.328372756424482,61.66384463247086
123.203,26.114188046994343,98.69706395122427,13.333178513228203,62.20252722281103
124.279,26.227453176314512,99.40829580788159,13.338067125581441,62.74575292509831
125.364,26.344878023738893,100.11938366942985,13.34303965954832,63.29352171880775
126.459,26.460677494558496,100.83529695249639,13.348101833161003,63.84633843817829
127.563,26.577426686425525,101.55995539807778,13.353250168225037,64.40369820554169
128.677,26.696789925399884,102.28735994821082,13.358490482973753,64.96610585309995
129.8,26.814648500336943,103.01980333606214,13.3638192379831,65.53305650349462
130.934,26.93423357790501,103.75744012343159,13.369247160399105,66.10555983954087
132.077,27.054075125575867,104.49660726974861,13.374765924719753,66.68260613021553
133.231,27.172137111766457,105.246374666526,13.380386446482373,67.26520505484238
134.394,27.292743119380436,105.99715930959228,13.386100254274485,67.85234688395093
135.567,27.414513765821358,106.75522037345515,13.391913477551,68.44453644315806
136.751,27.53612586977232,107.52049745714697,13.397832428264925,69.04227855489984
137.945,27.658950313721657,108.2855370586664,13.403853475314653,69.64506834086797
139.15,27.781461936383398,109.06035405556524,13.409983041768077,70.25341062100215
140.365,27.90573819842231,109.83597107404746,13.416217433079911,70.86680051724016
141.591,28.030059845476586,110.62063895454865,13.42256318496911,71.48574284694352
142.827,28.15357100456824,111.40766617789345,13.429016537903115,72.10973273231147
144.074,28.27966552454098,112.20195540716915,13.435584141787885,72.73927498804366
145.332,28.40391824213798,113.00480905746248,13.442267506316332,73.37436958089937
146.601,28.535233104332278,113.80988762048774,13.44906815446799,74.01501647697826
147.882,28.66230539531108,114.62258520237113,13.455993051848248,74.66172048440764
149.173,28.795026472667324,115.43855295535685,13.463032936704248,75.31347188173193
150.476,28.92371569452643,116.26139805609252,13.470200278770674,75.97128031756597
151.79,29.05523966527804,117.08716633817112,13.477491226031253,76.63464091253408
153.115,29.186872138619986,117.92213626475656,13.484907369090728,77.30355362924823
154.452,29.320580161123534,118.76091979625151,13.492455982280658,77.97852326808705
155.801,29.456564901518437,119.60277853608237,13.500138831165847,78.65954978755381
157.161,29.591122287025783,120.45234415241528,13.507951927221043,79.34612830862456
158.534,29.726619825902873,121.31002629455296,13.515908557027695,80.03926846243718
159.918,29.864523649155284,122.16812787819636,13.523998942544852,80.73796053252158
161.314,30.000181623931997,123.04035139021327,13.532230681126155,81.44270931072491
162.723,30.13835640660768,123.91261700040636,13.540611589987503,82.15401958424242
164.144,30.274776637473238,124.79127715402204,13.549137658473619,82.87138647155811
165.577,30.41470649873426,125.67538688790175,13.557810762754222,83.594809925092
167.023,30.55375447336831,126.56669688471712,13.566638926534777,84.324794726264
168.482,30.694628267746754,127.46607011647193,13.575624218065515,85.06134082253094
169.953,30.83421912470098,128.36750640231932,13.584762484847273,85.80394333246964
171.437,30.97362905717042,129.2789526575258,13.594061962553774,86.55310703138781
172.934,31.11896550813598,130.1964207401187,13.603524773614275,87.30883186359002
174.444,31.260432830030986,131.11614586190274,13.613153058989713,88.07111777228087
175.967,31.403619235250524,132.049564461239,13.622948978170458,88.83996469954873
177.504,31.547257668992703,132.98395747321956,13.632921225476077,89.61587740861648
179.054,31.667252679147975,133.89592953112276,13.643065594846322,90.39835101468391
180.617,31.793249083160998,134.81530543682007,13.653384302774292,91.18738545633401
182.194,31.92903141964028,135.7531637149518,13.663886272643921,91.98348548965907
183.785,32.07337738115834,136.71094835419728,13.674573932984154,92.7866510471618
185.39,32.21890011717831,137.67567858681267,13.685449733804777,93.59688206000138
187.009,32.36456497852639,138.65423617477117,13.696516146593511,94.4141784579743
188.642,32.51470578072655,139.6390959869516,13.707775664313065,95.23854016949396
190.289,32.6659134897673,140.62598332378562,13.71923080139813,96.0699671215712
191.951,32.820929577239,141.62122393799126,13.730891140065923,96.9089640507504
193.627,32.97818033496293,142.62463398962782,13.742752314298532,97.75502606748219
195.318,33.13726837173496,143.64169708256753,13.754824074291056,98.60865790257124
197.023,33.29504808020266,144.65782604941782,13.767101977095194,99.46935466611501
198.744,33.45089493353369,145.68722060649637,13.779603238491203,100.33812588832873
200.479,33.612924674205594,146.72280128848564,13.792316168210863,101.21396187069612
202.23,33.76644916034593,147.7601322073931,13.805258283744843,102.09787213428366
203.996,33.92375977962128,148.80912930029282,13.818425177589235,102.98935178387322
205.777,34.08417216259594,149.85956909071527,13.831819762362247,103.88840072782935
207.574,34.24651446816965,150.92303712122427,13.845452594678493,104.79552367047489
209.387,34.40642524725949,151.9893381673394,13.859326835768515,105.71072051179632
211.215,34.56821196244141,153.06563341790314,13.87343792192382,106.63348635528442
213.059,34.730525109021976,154.14897641705443,13.887796688054667,107.5643258947295
214.92,34.895037814105706,155.23841622643798,13.902414266459884,108.5037438152996
216.797,35.06072496731817,156.3378141028303,13.917286177479333,109.45123521433106
218.69,35.22059979254205,157.44589864590498,13.932415722362673,110.40679998155356
220.599,35.38207337579563,158.55947827151908,13.947806230347801,111.37043800455626
222.526,35.54783658533807,159.6850201752069,13.963477394077445,112.34315873698657
224.469,35.71989159597716,160.81095552446058,13.979416548183528,113.32395248647806
226.429,35.887150216951326,161.95432552298126,13.995635420197727,114.31332391423054
228.406,36.04983660213518,163.1003186847187,14.012137672136372,115.31127289306376
230.401,36.22232607861644,164.25238576824856,14.028935454092686,116.31830406986616
232.412,36.39412427140316,165.41569193042375,14.046015651973459,117.33340775733936
234.442,36.56112932445591,166.57999185011707,14.063407615190384,118.3580981443856
236.489,36.735841476844705,167.75786749319965,14.081098222801224,119.39136554030262
238.554,36.913668654228914,168.949471702851,14.099100053804957,120.43371457334051
240.637,37.08078063799809,170.1453521582528,14.117417192309254,121.48514509426656
242.739,37.255626079268666,171.34697397404855,14.136062666656724,122.54616171511897
244.858,37.428983968095665,172.5606200552755,14.155022891651202,123.61575475015924
246.996,37.60428449872259,173.7765258044005,14.174319954253829,124.69493356737324
249.153,37.783574688844354,175.00999369659613,14.193958317119964,125.78369799874729
251.329,37.96022044069852,176.25226087428365,14.213942482298108,126.88204787292803
253.523,38.13793746292814,177.49396386001905,14.234267686995114,127.98947826229636
255.737,38.31432902753821,178.75328938227315,14.254957039311629,129.10699849681427
257.97,38.494450347951876,180.01923228507158,14.276005935651893,130.23410363959383
260.223,38.674729797351674,181.2964999368588,14.29742858530777,131.3712982510285
262.495,38.85460190874498,182.58251020159398,14.319220303880753,132.51807739171065
264.788,39.035876737868996,183.87293855575348,14.341405265775023,133.67545035013572
267.1,39.21535404173259,185.17785749067806,14.363969155242478,134.84240743860695
269.432,39.396426641258,186.48855523168842,14.386926682625894,136.01945319214872
271.785,39.58389988185927,187.80630979394616,14.410292942262748,137.20709213121953
274.158,39.769017187999474,189.13890159925154,14.434063298909532,138.40481930150776
276.552,39.95156383775698,190.47945101708726,14.458253110871789,139.61313920949232
278.967,40.13496374116051,191.83015504373364,14.48286789715431,140.83205162184473
281.403,40.3229441193491,193.18751493772163,14.50791322476171,142.06155630063893
283.86,40.51516187590338,194.55884966225972,14.533394708683373,143.30165300328446
286.339,40.69875864812561,195.9350353189602,14.55932851867263,144.55284619786457
288.839,40.89293742231567,197.32547653122288,14.585710041995828,145.81463091077725
291.361,41.08556125142797,198.72793754729486,14.612555730581926,147.08751159415218
293.906,41.286781582446125,200.13897724105036,14.639882456995007,148.37199268259388
296.472,41.4717879815219,201.5657328497989,14.667674888359027,149.6670644838131
299.061,41.67340338312185,203.00366507897783,14.695960882087094,150.97373612448538
301.672,41.868723888330855,204.44606585922784,14.72473590288212,152.2915026105877
304.307,42.062714312279134,205.8962676526779,14.754028581984429,153.62137303459417
306.964,42.25901421450783,207.35732716724112,14.783823332334656,154.96233769773514
309.644,42.4638199457786,208.84966615634917,14.814137925522168,156.31490098087986
312.348,42.6624942171586,210.3256741797397,14.844990581516264,157.67956724488454
315.076,42.858246047835415,211.81894979911263,14.876388417764913,159.05633615102246
317.827,43.055598580282016,213.32926599278997,14.908326954032574,160.4447026786605
320.602,43.26142829433943,214.8533396534477,14.940824889649212,161.84517115823175
323.402,43.45788959997546,216.37999985150768,14.973901391132266,163.25824589842026
326.226,43.66318781226544,217.91717546627817,15.007552165618174,164.68342185787318
329.075,43.86666005639225,219.47003215240798,15.041796714762116,166.12120332315422
331.948,44.06781811382826,221.0433935810411,15.07663066894178,167.57108524595236
334.847,44.27311913381638,222.61030106214045,15.112086151695586,169.03407654175822
337.771,44.482265652322994,224.20624034067032,15.14815903395986,170.50967214270003
340.72,44.67511482075108,225.80028074050674,15.18485732627954,171.99787163279018
343.695,44.89286360340785,227.40735038733544,15.222201713955068,173.49917922704435
346.697,45.095880531424584,229.04376318128848,15.260213389119357,175.01409911482057
349.724,45.307612971177676,230.67118533168488,15.298875576673272,176.54162156825222
352.778,45.5132653720336,232.31784809991376,15.338222444636559,178.08275538918764
355.858,45.71733394360815,233.97911889464197,15.378249973070513,179.63699547082157
358.966,45.958500351382206,235.6685152541702,15.418993264035958,181.20535056474068
362.1,46.158726021328285,237.3288497719453,15.460435287097715,182.7868109285871
365.262,46.36740501614884,239.03161386316822,15.50261175653847,184.3823852756179
368.452,46.584905157091484,240.73346420489466,15.545532366588501,185.99207306640295
371.669,46.799525092409496,242.44605573443675,15.589193265272138,187.61536915403505
374.915,47.01216920242598,244.19089166500027,15.633631458782304,189.2532821764016
378.188,47.23162017062249,245.94186304179078,15.678829512649287,190.90480237329953
381.491,47.441893376663394,247.69641532004368,15.724839066879074,192.5714429213432
384.822,47.66370015315835,249.47455753269088,15.771642742252748,194.25219404261816
388.182,47.88633795152985,251.2662110844169,15.819264977535086,195.94755970159426
391.572,48.11016198584725,253.0664011609533,15.867730791401307,197.658043828879
394.991,48.33034508109759,254.87292994336076,15.917036825624997,199.38314120183162
398.44,48.56165277514586,256.70015821448095,15.967208533957265,201.12335571453144
401.92,48.781726210200134,258.5497011361151,16.018271969138084,202.8791912249278
405.429,49.0123783661586,260.4166126611652,16.070209197872806,204.64963792906767
408.97,49.239633941648144,262.28880186075196,16.123076328352752,206.43620873459582
412.541,49.48068909134674,264.1768993356677,16.176855498715984,208.23789381544668
416.143,49.71365226794455,266.0754097146261,16.231573674379064,210.0551969495108
419.777,49.94023749774868,267.9974890507348,16.287258448139887,211.8886218748835
423.443,50.161606168554655,269.920089419192,16.343922527860272,213.73816777848242
427.14,50.412802348208736,271.8705045595545,16.40156307239853,215.60332932781424
430.87,50.63664855159339,273.8384318689692,16.460224190150832,217.48511469132643
434.632,50.87682980957226,275.80708945869776,16.519903394288377,219.38301849732719
438.428,51.11588264117528,277.78848721783714,16.580645973115534,221.298048833375
442.256,51.351581289689456,279.7989644072668,16.642433599337654,223.22919581020304
446.118,51.60353885417965,281.8273960618039,16.70531234859712,225.17746745207086
450.014,51.84360779886681,283.8585821637402,16.76929655517143,227.14286278468384
453.943,52.084329727963926,285.91007800654444,16.834384039090708,229.12487636089224
457.907,52.32923479311628,287.9749086047511,16.900622511965732,231.12451608311957
461.906,52.57448243436275,290.0553399110135,16.968027112188373,233.14178089622192
465.939,52.8130394054451,292.1645391629923,17.036596033136714,235.17616529379484
470.008,53.059369416494974,294.2741014087644,17.106378676901077,237.22867704818788
474.112,53.305759141702744,296.3904985584944,17.177373644916923,239.2988106028876
478.252,53.56281701739793,298.5387602731315,17.24961412209255,241.3870692244083
482.428,53.815074459762656,300.70497356440916,17.323116355531326,243.49345172598225
486.641,54.06912224263344,302.8808286535198,17.397914560964935,245.61846128696632
490.89,54.32152067751484,305.0878080957436,17.474007739656873,247.7615922676389
495.177,54.56692710951416,307.29820619724313,17.551448839794624,249.92385215386196
499.501,54.808889523182074,309.47772292060006,17.630237308073333,252.10473524772468
503.862,55.05658118237349,311.7064929172528,17.71039056714504,254.30424021521463
508.262,55.32496753665779,313.98263006346633,17.791963423419002,256.5233743847214
512.7,55.586941167162635,316.27089027127914,17.874955778294968,258.76163197918675
517.177,55.85191947403435,318.56778445353314,17.959404930271372,261.01951588162484
521.693,56.10738723122305,320.8923518367767,18.045329879495586,263.2970245930728
526.249,56.38059487476861,323.2276136477673,18.13276906176718,265.5946608905114
530.844,56.65033182648813,325.5655433381861,18.22172285791262,267.9119188911778
535.48,56.916164332797216,327.951192086495,18.31224997622314,270.24980557616266
540.156,57.17752579241216,330.3424989944656,18.404351302198478,272.60781499033084
544.872,57.45821458352944,332.74824803481766,18.498047164737137,274.985945451785
549.63,57.74417719440284,335.17239493166,18.593398314388683,277.3852037510113
554.43,58.01222668205782,337.6286636333771,18.6904264642779,279.80558807479883
559.271,58.285287443740636,340.08393484700315,18.789133034979667,282.24659234472836
564.155,58.564816089317524,342.5799923135343,18.88958088788214,284.7092231477391
569.081,58.848251739012994,345.08220033514243,18.9917719897281,287.1929743220338
574.05,59.13171031287268,347.62769073302286,19.0957498091002,289.69834810506717
579.063,59.40530434499732,350.14415500138966,19.201558728266328,292.2258466486805
584.119,59.70351017079212,352.7298898806836,19.3092012943358,294.77496367558604
589.22,59.97841185796572,355.3055028655653,19.418744217248243,297.3467053916139
594.365,60.29286674398559,357.909652475717,19.530190632261153,299.9405654250261
599.555,60.57980702052862,360.51423718982613,19.64358701772345,302.55704567723507
604.791,60.88095190833242,363.1914041424412,19.75898081451842,305.19664795451894
610.072,61.169476711122265,365.8427319726351,19.8763757905792,307.8588657537286
615.399,61.4582417312725,368.5566838708159,19.99582019795804,310.544200764076
620.773,61.77056935251314,371.244588020839,20.117363279448917,313.25315457375723
626.194,62.08458144408695,373.9772307753119,20.241032373342062,315.9857246028234
631.662,62.39071562167267,376.76516922682987,20.366855046791528,318.7419082216458
637.177,62.70882310253617,379.53745561332136,20.49485909544716,321.521702750248
642.741,62.99611084882443,382.32759573322016,20.625119567606248,324.32611349840545
648.354,63.343036655665436,385.1672540459592,20.75766593681221,327.1551375928851
654.015,63.663187791842134,388.02294536876605,20.892504002856047,330.0082681150714
659.726,63.96344998323785,390.88244715168526,21.02971137016901,332.8865100755645
665.487,64.28391504853774,393.77892747072605,21.16931887593093,335.78986038568195
671.298,64.62998631203702,396.69214059244877,21.31135761428414,338.7183158974375
677.16,64.9338173635741,399.6330750624261,21.455883696863573,341.6723773285765
683.073,65.28695395907968,402.58212521075,21.602929373304388,344.6520413599802
689.038,65.60701371326113,405.5685195555747,21.752552351027663,347.6578085012433
695.055,65.9527346466427,408.5886956727463,21.90478606560149,350.6896752537551
701.124,66.29040116851179,411.5960855062176,22.059664228674432,353.74763805209056
707.247,66.60155671063808,414.64427975045,22.217272529860974,356.83270094173037
713.422,66.96722922917525,417.7118180158455,22.377594423134617,359.9438524695862
719.652,67.22602278357705,420.7873149575305,22.540743357026024,363.08260027041285
725.936,67.61810919127254,423.9387458166661,22.70672967127303,366.24843654766164
732.275,67.96763137606068,427.07920959418203,22.875616609550022,369.4418610335862
738.67,68.32832644745478,430.2506428357721,23.047468635531008,372.6633733064589
745.12,68.6741606451017,433.4715819940988,23.222297008022704,375.91246533572956
751.626,69.0155797634035,436.6843730639445,23.400167275631286,379.1896364996786
758.19,69.38001450243881,439.92768148928957,23.58117393418235,382.4958896981626
764.81,69.76412182373082,443.24465875087793,23.765301974411887,385.83021292503395
771.489,70.12046362461498,446.5360531635065,23.95267566921063,389.19411246713037
778.225,70.47401483191686,449.86012021232085,24.143280433840786,392.5865761612473
785.021,70.849852438033,453.2154623957643,24.33724338685782,396.00910992097187
791.876,71.2235188463397,456.605791372271,24.53457929582771,399.4612049945417
798.791,71.62923916611742,460.03610570341107,24.735360610649163,402.943359730443
805.766,71.98368303605025,463.44782174777436,24.93963172187101,406.45556875633383
812.802,72.39212856854923,466.9375528390083,25.147467043505873,409.99833010624803
819.9,72.74518748908895,470.41009770411006,25.358942369683202,413.57214161636364
827.059,73.1656371610829,473.9353518461994,25.574074535769228,417.17649400102584
834.281,73.53427684100961,477.48898989522894,25.79297103590512,420.8123882674304
841.566,73.93772217609934,481.0431322920107,26.015680424841698,424.4798182941346
848.915,74.34677312226997,484.68977198311586,26.242282614971593,428.1792812285877
856.328,74.73373819935514,488.33038769575813,26.4728277420623,431.91077063980873
863.805,75.16425517785589,491.9768930697387,26.707366343644473,435.67427997623514
871.348,75.56197844666481,495.66753725438974,26.946012905268404,439.4708091737525
878.957,75.99743236922792,499.4084581282257,27.188820405158662,443.30035127132925
886.632,76.3954133290422,503.22438270039294,27.43584224635316,447.162899177402
894.374,76.80968744714345,506.95320581865667,27.68716485659975,451.0589488896961
902.184,77.24481571599296,510.78257803636603,27.942876207327593,454.98899615732967
910.062,77.65085505361371,514.6307042839272,28.203032670794656,458.95303331090105
918.009,78.12839593518517,518.4985218297699,28.467724515606218,462.9515556719955
926.025,78.54225673580804,522.398103965045,28.73700986822752,466.9845551933029
934.111,78.99630039129443,526.3552432829035,29.01098133979427,471.0525267511321
942.268,79.43297470681686,530.368138627634,29.289733166464444,475.15596494586396
950.496,79.87695329986526,534.3040376098976,29.573326617489716,479.2948610850645
958.796,80.35713875812223,538.3424892960114,29.861858354577556,483.4697092929676
967.169,80.81044605419734,542.4288018089334,30.15542671717438,487.68100339966577
975.614,81.25864875655175,546.565253466233,30.454060718562502,491.9282311109848
984.133,81.72896423226126,550.6756762610753,30.757896111923664,496.2123887275391
992.727,82.18640821940494,554.8745074828922,31.067035470123713,500.53396925904985
1001.396,82.69895733620938,559.0974262295766,31.381546685437556,504.8929625863381
1010.14,83.16355251355994,563.3016837916207,31.70149817850502,509.2893584039436
1018.961,83.64155469308282,567.5972245236055,32.02703301988945,513.724151689724
1027.858,84.16729422800533,571.9185385230047,32.358185205028484,518.1968288390026
1036.834,84.6837745960171,576.2786653052445,32.69513879892081,522.7088868430434
1045.888,85.16221087676799,580.6640835862881,33.0379301841071,527.2598115436846
1055.02,85.66944279364176,585.0567131621999,33.3866333676968,531.8495913103513
1064.233,86.21393898079498,589.5020075263142,33.7414389428319,536.4797219374683
1073.526,86.7265849652225,594.031112480377,34.10238600332733,541.1496885053475
1082.9,87.17948914079638,598.4777904952433,34.46959159063392,545.8599809589471
1092.356,87.75388106872771,603.0751743634747,34.84317467364648,550.6110888520778
1101.895,88.29682131461172,607.685993284037,35.22325617280844,555.4035013381546
1111.517,88.84077664350345,612.330518222918,35.60991862833097,560.2372048226491
1121.223,89.3928564658225,617.0072978083042,36.00328590344762,565.1126877602107
1131.014,89.9436428035709,621.7218881812853,36.40348386930433,570.0304381805839
1140.89,90.51378711286652,626.4827893251942,36.81059903175324,574.9904414732907
1150.852,91.07732631938701,631.2672954476817,37.22476029270953,579.9931849255611
1160.902,91.64692921447684,636.1072621193916,37.646140724858206,585.0396574874247
1171.039,92.21416130836712,640.9792117030054,38.07478952994373,590.1293412609101
1181.265,92.80115851956259,645.8881410147992,38.510883628091904,595.2632243103408
1191.58,93.39125371242422,650.8411011496838,38.95451713696151,600.441290088931
1201.985,93.98448621822399,655.8258431756811,39.405828426717314,605.6640236751244
1212.481,94.58872461831065,660.8543860001109,39.864958038664334,610.9319096483418
1223.068,95.18614167467344,665.9270532846629,40.332004408519936,616.2449302596707
1233.748,95.805561267733,671.040061837739,40.80715604403573,621.6040709792285
1244.522,96.42674718028849,676.2031575288427,41.290560141113644,627.0098148244487
1255.389,97.05300793424054,681.4124513287551,41.782275287929714,632.461640949204
1266.351,97.68556200153513,686.6481514470728,42.28249676136492,637.9605332025449
1277.409,98.33294851853263,691.9259499433983,42.79137746394673,643.5069731042271
1288.564,98.97946754048192,697.2525344043024,43.30907262708089,649.1014415987283
1299.816,99.6380714898143,702.6272485699241,43.835692836666325,654.7439176073559
1311.166,100.28261672129553,708.04804914484,44.37139686436008,660.4348810616808
1322.615,100.96008907928454,713.4978712027573,44.916345867768996,666.1748112861156
1334.165,101.63611513860225,719.0056810436912,45.470751618171235,671.964688243097
1345.815,102.32045391631797,724.5556884384209,46.03468412295011,677.8039874272915
1357.567,103.00328158575141,730.1565747884758,46.608359647296886,683.6936875824669
1369.421,103.71989512975378,735.7862977089956,47.191899710751024,689.6337644034569
1381.379,104.42105344507596,741.4737036753131,47.78552637922361,695.6251951836977
1393.441,105.14029713409388,747.2136299527323,48.38936537470967,701.6679543911587
1405.609,105.85297084511987,752.9988725672458,49.0036446773764,707.7630178105095
1417.883,106.59174356896014,758.8368759104582,49.62849429917227,713.9103586317949
1430.264,105.94472497637965,763.1518350767674,50.26409669610584,720.1104503304161
1442.754,106.34302580862831,769.0975414289054,50.91068892761068,726.3642663165581
1455.352,107.3359932174525,775.2773080751776,51.56835517622821,732.6712771658691
1468.061,108.25083349985218,781.4343848146132,52.23739024100125,739.0329553708474
1480.88,109.11285888476584,787.5877866566808,52.91788191685241,745.448770243799
1493.811,109.96827204585512,793.7738771460962,53.610078419969284,751.9196920333148
1506.855,110.82560245601036,799.9998448466946,54.31417828570428,758.4461895773776
1520.013,111.67611023622453,806.2506135234133,55.03038281549905,765.0287308887293
1533.287,112.52339109547314,812.584842367163,55.758951216828414,771.6682832930181
1546.675,113.39562209368255,818.9378257620318,56.499925049531974,778.3638126456942
1560.181,114.2764888310915,825.3497861551813,57.25367940572619,785.1172848515386
1573.805,115.16295714881264,831.8160389638364,58.02037177794508,791.9286643136896
1587.548,116.06369631296668,838.3575907533223,58.80021766083766,798.7984146853186
1601.41,116.96494530596279,844.9136885990569,59.59337800334953,805.7264989522911
1615.394,117.86856808360893,851.5383901964958,60.40018857683321,812.7143784930857
1629.5,118.78121585690695,858.2003892221262,61.22081669580377,819.7620143222773
1643.729,119.70259465471217,864.9279535665954,62.055489635324996,826.8698663175685
1658.083,120.62815984178458,871.696739019984,62.904497065675415,834.0388927718642
1672.561,121.57789375981191,878.549676248541,63.767953997992855,841.2685526864765
1687.166,122.5214535657333,885.4321459149701,64.64621606852862,848.5603016419406
1701.899,123.4951025651159,892.3809198740297,65.53952419935737,855.9145951979712
1716.76,124.45820954318107,899.386849313708,66.44806103844329,863.331388824011
1731.751,125.43050375540057,906.4486072345388,67.37213412842826,870.8116351653141
1746.873,126.42202533475036,913.5532991332202,68.31199378576629,878.3557865553724
1762.127,127.45553525077818,920.7352161954223,69.26789350452064,885.9642942168705
1777.514,128.46321988292402,927.9912772955157,70.24008997704865,893.6376082446469
1793.036,129.47651757104234,935.2845266498265,71.22890708007516,901.3766761247134
1808.693,130.52164836842533,942.6369676111921,72.23454505133569,909.1814469023441
1824.487,131.57062930833632,950.0503364915652,73.25733533351399,917.0528655098786
1840.419,132.62694975513125,957.546826295549,74.29754922707076,924.9913770365787
1856.489,133.72211431036,965.0683295744853,75.35539525520973,932.9969272361147
1872.701,134.80284415768824,972.6784067069539,76.43134966509572,941.0714530762801
1889.053,135.8962630736342,980.3665800266938,77.52549548043807,949.2139015886878
1905.549,137.02297229483275,988.0801098996749,78.63831895486646,957.4262065447185
1922.188,138.16493737441442,995.9019808957497,79.76997491125385,965.7078107362325
1938.973,139.31367758520327,1003.7610472614444,80.92089255161831,974.0601467543744
1955.905,140.46200519279694,1011.6811301609171,82.09137017818401,982.4836500627199
1972.984,141.65104866265517,1019.6709275424641,83.28163960451204,990.9782574541608
1990.212,142.83504130482396,1027.7288014277149,84.49207495563783,999.5448992120819
2007.591,144.03982508530166,1035.842767305094,85.72305614381807,1008.1845037470323
2025.122,145.26471089574864,1044.043584304089,86.97489722630618,1016.8975006209383
2042.806,146.49758646917212,1052.2947226760932,88.24791582793081,1025.684317962648
2060.644,147.75550170220018,1060.6221217330162,89.54243315406266,1034.5453824526187
2078.638,149.02171493706194,1069.0480312634681,90.85884745626107,1043.481615865806
2096.789,150.32093224614894,1077.5175498311548,92.1974889186988,1052.4934415456744
2115.098,151.64468650598639,1086.0581756544766,93.55869136534727,1061.5812813325535
2133.568,152.92778727535335,1094.6702957320315,94.94294276392021,1070.7465478630447
2152.198,154.2892128903979,1103.3513029219619,96.3504361786664,1079.9886670668752
2170.992,155.65435372724977,1112.1046874803444,97.78174582501357,1089.3095438218127
2189.949,157.0113719197704,1120.9335947357845,99.2370715805865,1098.708601061743
2209.072,158.39375045495797,1129.8484946611804,100.71692291558945,1108.187243645572
2228.362,159.81282628183476,1138.83659290655,102.2216613598349,1117.7458827801304
2247.82,161.24293526804692,1147.8874736840264,103.75165221428196,1127.3849280476209
2267.449,162.6995123350062,1157.0076875391537,105.30742370420779,1137.1057777042286
2287.249,164.16887648651428,1166.2238771578673,106.8892722868155,1146.9083421436794
2307.221,165.6597453232008,1175.5068908377716,108.49757654574708,1156.7930255450453
2327.368,167.162547186323,1184.8584106719748,110.13288185672795,1166.7612198055097
2347.691,168.713990704939,1194.3096766465796,111.79557831119313,1176.8133248091137
2368.192,170.2736229168769,1203.8510148048917,113.48614265328521,1186.9502331088665
2388.871,171.85172414180693,1213.4605547849399,115.2048912267042,1197.1718464602716
2409.731,173.43484950910167,1223.1385590745358,116.95239393439932,1207.4795477050377
2430.773,175.07086320367895,1232.8990803944878,118.7290603180719,1217.8737288591124
2451.999,176.72413730685187,1242.7644472472584,120.53538926298137,1228.3552739108973
2473.41,178.3783371091726,1252.687742083039,122.3718001428017,1238.9245708658325
2495.009,180.06319077944045,1262.7092480837498,124.23888982065387,1249.58299273028
2516.796,181.79259830789056,1272.8081856859865,126.1370021383051,1260.3304297327809
2538.773,183.53327704395565,1283.0227381318682,128.06665845682906,1271.1677570860936
2560.942,185.2765563334521,1293.2697594429535,130.02838682382853,1282.0958475239593
2583.304,187.04150620336918,1303.6296089978453,132.02263248042658,1293.1150786098185
2605.862,188.83424739913204,1314.0741984005765,134.05002507880096,1304.2268111147243
2628.617,190.66291251939083,1324.607913891935,136.1110219852524,1315.4314179459855
2651.57,192.52672215368239,1335.2636031060135,138.20608455967476,1326.7292702249601
2674.724,194.40818485557057,1345.964087526343,140.33586281832314,1338.1217211703145
2698.08,196.3188942746764,1356.7690954273633,142.50083034947303,1349.609137228535
2721.641,198.2551416655782,1367.6390602966953,144.70165228071104,1361.1928661827335
2745.406,200.1861280731731,1378.6459692376684,146.93862554129666,1372.872287079849
2769.38,202.18760706236665,1389.7181496598675,149.2126165670953,1384.6497257509945
2793.562,204.2001432280981,1400.9224980301883,151.52393175509158,1396.5245573704228
2817.956,206.2467847567285,1412.1604214544707,153.87335905887687,1408.4986107924822
2842.563,208.352598746956,1423.554708088623,156.26140700381694,1420.5722390858525
2867.385,208.8091317539071,1433.5414757006317,158.6886862931654,1432.7462839875654
2892.423,209.97985700787206,1444.8272722547872,161.15571570851625,1445.0210946120137
2917.68,212.50211861402448,1456.7682476350628,163.66321734088305,1457.3979983163617
2943.158,214.95359946248485,1468.7085503418389,166.2118228838429,1469.8778294564931
2968.858,217.3585789286542,1480.7191513590014,168.80206989966956,1482.4609304578908
2994.783,219.7272995767133,1492.7426444708394,171.43470381057813,1495.1486207968007
3020.934,222.13754620585487,1504.9021452214758,174.1102747549139,1507.9412385743483
3047.313,224.5730179666447,1517.1738198609223,176.82944033485882,1520.8396092910011
3073.923,226.97558236203264,1529.4912062230903,179.59296946090222,1533.8450447928478
3100.765,229.4441411321824,1541.9034438558447,182.40143120076158,1546.9578769701004
3127.841,231.9012973293205,1554.4324844044982,185.25550440927856,1560.178924586982
3155.154,234.4261832039164,1567.0161044325287,188.15598163067614,1573.5094922102803
3182.705,236.95690097708993,1579.7502059088183,191.10345092823448,1586.949905945204
3210.497,239.51762908350196,1592.5894134513119,194.09872067660228,1600.5014657576337
3238.532,242.13314145385277,1605.5524079081183,197.14250060389827,1614.164981448194
3266.811,244.7577579010797,1618.5676845390326,200.23539782889557,1627.9407738818584
3295.338,247.43962105903267,1631.7146869569656,203.3783551491552,1641.8306233832957
3324.113,250.17407017625874,1644.9885258434908,206.5718834455168,1655.8343604383383
3353.14,252.9127092534409,1658.4184108037825,209.8169431014327,1669.953760988152
3382.42,255.68715917763592,1671.9000075217446,213.11416915342912,1684.1891392814327
3411.956,258.50928824020383,1685.51307959933,216.46442825444444,1698.5417806825922
3441.75,261.41316311486156,1699.2253132918943,219.86848289895107,1713.0124826252663
3471.803,264.28777533754186,1713.0836238268848,223.32698732316234,1727.6015559472078
3502.12,267.25566269344955,1727.0541552823975,226.84106498472116,1742.3112516144365
3532.701,270.22367431175735,1741.1572276761044,230.41127079052472,1757.1413924587046
3563.549,273.28048172745963,1755.3513174898496,234.03851424301902,1772.0932561228242
3594.667,276.3401498210154,1769.6388151231984,237.7237154913342,1787.1681184817792
3626.056,279.4105007281037,1784.1454250743238,241.4675659865173,1802.3662856585704
3657.719,282.60189623354137,1798.7181070147947,245.27100220601028,1817.6890319479676
3689.659,285.78133602793184,1813.464106749942,249.1349713759356,1833.1376303291902
3721.878,289.0876398356793,1828.2572756442487,253.0603092603097,1848.7128693417542
3754.378,292.40456957150843,1843.2521714257005,257.0478590254855,1864.4155375865585
3787.162,295.8106747320732,1858.318433001767,261.09859524935587,1880.2469066903855
3820.232,299.18633478722785,1873.5344291606275,265.2133785692162,1896.2077651890004
3853.591,302.69074359636755,1888.9625458972066,269.39320284238795,1912.2993845361345
3887.241,306.18983063559784,1904.389044583096,273.63894633392704,1928.5225540489885
3921.185,309.76388858267416,1920.0702733374317,277.9516223626846,1944.878545895634
3955.425,313.30364331338296,1935.870403335463,282.33212700091974,1961.3681511106201
3989.965,316.99869486316,1951.716872117109,286.7816225012367,1977.9931247499974
4024.806,320.7380901761827,1967.7784584337678,291.30089546811183,1994.7537788746358
4059.951,324.4163287074738,1983.9464420829804,295.89099880544666,2011.651390119699
4095.403,328.3040179093551,2000.3347786449422,300.5529968153707,2028.6872365476106
4131.165,332.2163401936965,2016.776740195869,305.28796528754407,2045.8625979573683
4167.239,336.1280986605709,2033.4218720998967,310.09685783501646,2063.1782763362926
4203.628,340.1741020939997,2050.132059708881,314.9807707843913,2080.6355567360174
4240.335,344.16470464600405,2067.097684232722,319.94081223093303,2098.2357269619483
4277.362,348.34604468844094,2084.1512725630773,324.9779656545904,2115.979598860745
4314.713,352.5146681382226,2101.3330548608456,330.0934976948542,2133.8689464816425
4352.39,356.68374622106603,2118.7172223959506,335.2884141143388,2151.904589620604
4390.395,361.04012690073387,2136.2753533165574,340.5637292375353,2170.0873534516218
4428.733,365.45400261558206,2153.8767667617167,345.9208866618459,2188.419503083579
4467.406,369.92822358187425,2171.7499142631896,351.3609265887283,2206.9018734336587
4506.416,374.4270373476086,2189.7375293076593,356.8848982089161,2225.535306156741
4545.766,379.0080962822195,2207.869420512988,362.4940028587252,2244.3211274025334
4585.461,383.6457357773321,2226.28304268246,368.18974286054186,2263.261624079168
4625.502,388.3020600120841,2244.7577492562186,373.97306176201346,2282.357181238681
4665.893,393.15423156699654,2263.342856544766,379.8453466022559,2301.609623322549
4706.636,398.0285837408285,2282.1443253615585,385.807708323294,2321.019829602679
4747.735,402.96634095117065,2301.107196711251,391.8615635646101,2340.5896413946502
4789.193,408.0372421700838,2320.408810063573,398.0081982980366,2360.3204328524603
4831.013,413.1173084463991,2339.7149868343204,404.2489130143168,2380.213588389941
4873.198,418.41328257776394,2359.21166249574,410.5850230182075,2400.2705033496704
4915.752,423.620651312503,2378.849509617974,417.0180104022738,2420.493059802831
4958.677,428.93551112902145,2398.720166310027,423.54907136064554,2440.8822014949546
5001.977,434.3886603576041,2418.8520578169323,430.1797212393913,2461.43983548215
5045.655,439.8595885596212,2439.0300293913574,436.9113409172071,2482.1674073569056
5089.715,445.4935406631546,2459.4945155684786,443.7454834949146,2503.0668516136966
5134.159,451.11505620415323,2480.0759829166705,450.68340989578735,2524.139169350433
5178.991,456.8849804751498,2500.8482376067436,457.72670976206246,2545.386326490684
5224.215,462.8683290998549,2521.8375181038605,464.8769947261741,2566.810305385066
5269.834,468.76794461481035,2543.08857850039,472.1357393393494,2588.412632326885
5315.851,474.8294762017332,2564.3883191048485,479.5044372128391,2610.194852722203
5362.27,481.07036021279293,2586.024313074412,486.9847632419167,2632.159005136542
5409.094,487.28059358639183,2607.7971584481015,494.57825396509946,2654.30667560878
5456.327,493.5701647005828,2629.7179197877026,502.2866305226094,2676.6399450594267
5503.973,500.04978553614586,2651.9447759613968,510.11163975508214,2699.1609169716285
5552.034,506.56278757521744,2674.3857942430145,518.0547233814683,2721.8707736555825
5600.516,513.2778850385766,2696.9345994917358,526.1180093610785,2744.77261269591
5649.42,520.0200387562096,2719.6905447093254,534.3028226603673,2767.867195795852
5698.752,526.9610433657103,2742.852764828282,542.6113492900955,2791.157673837177
5748.514,533.0636959004216,2765.8081373092955,551.0451335515162,2814.6453376039626
5798.711,538.9239592179924,2788.9091024407558,559.6062553244789,2838.3329242672116
5849.347,546.4801200095246,2812.7616657272915,568.296658489802,2862.2227301877456
5900.424,554.1878887538788,2836.7741833661858,577.1179734176627,2886.316141187772
5951.948,561.7699951647431,2861.003045040402,586.0725532420938,2910.616464310042
6003.921,569.5236885240735,2885.4155372766977,595.1620933940286,2935.1251556133793
6056.348,577.4171798978693,2910.0156094436447,604.3888467088025,2959.845123334861
6109.233,585.387721566441,2934.915742343366,613.7549306844554,2984.7788428940808
6162.58,593.3871736952035,2960.162579819063,623.2625021342009,3009.9288301971333
6216.393,601.4884769127249,2985.5664498972938,632.913758661487,3035.297643317117
6270.675,609.8254445255744,3011.1031339391266,642.7107591557942,3060.887412793251
6325.432,618.1243019375926,3037.0484078254563,652.656148482765,3086.7017290869258
6380.667,626.679579473751,3063.118514577597,662.7520763086545,3112.7428158822077
6436.384,635.4064938679045,3089.5101559624613,673.0009196754207,3139.0134176257266
6492.587,644.2302038425286,3116.1505192887835,683.4051049649398,3165.5163300137997
6549.282,653.3075475989299,3143.0049341003746,693.9674836603691,3192.2553452898933
6606.471,662.3359434683716,3170.2154391868,704.6902178321361,3219.232424613133
6664.16,671.661878822283,3197.5822208451373,715.5762727623968,3246.451473225628
6722.353,681.1940475500113,3225.4010892115148,726.6283002615681,3273.915512765701
6781.053,690.7254300753349,3253.2897659975997,737.848820695652,3301.6271544427746
6840.267,700.5170717350243,3281.4699760728518,749.2411843226477,3329.5909620792845
6899.997,710.5116747909254,3310.188046571135,760.8078504974028,3357.8092052343854
6960.249,720.6270682848499,3338.9978058228016,772.552118916183,3386.286111492531
7021.027,731.0223888460483,3368.110344274584,784.4769769285642,3415.0250352349967
7082.336,741.393539628664,3397.5898750052047,796.5856842324043,3444.0298776187
7144.18,752.0991915039231,3427.459499552587,808.8813836677919,3473.304143436966
7206.564,762.9431004912121,3457.4300295980815,821.3674996055814,3502.8518899756423
7269.493,773.8938996022133,3487.5966760882125,834.0475459932499,3532.677257093814
7332.971,785.365064989981,3518.421658025014,846.9249265763852,3562.783995646784
7397.004,796.818787094129,3549.229630856896,860.0035467162786,3593.176893078256
7461.596,808.2766336222102,3580.51081125977,873.2870060269372,3623.8598792343164
7526.752,820.4622139852015,3612.189741670908,886.7792119384212,3654.837452431668
7592.477,832.2088748585052,3644.3654608140737,900.4841820399704,3686.1142084911635
7658.776,844.6967457378787,3676.4739880510215,914.406048809165,3717.6948439559105
7725.653,857.0985936353538,3709.2453946561823,928.5488523337473,3749.5836822961483
7793.115,869.9372234565661,3742.4506167210398,942.9173928668519,3781.786585065477
7861.166,883.0064128169932,3775.6455713968116,957.5159674340471,3814.3080944070107
7929.811,896.1947153018482,3809.5426527146465,972.3492198760847,3847.153343340996
7999.055,909.6559589901832,3843.665265738787,987.4219360467873,3880.3275827607417
8068.904,923.562211048447,3878.162172628088,1002.7392701170355,3913.8366651466563
8139.363,937.5445038905609,3912.8281193696503,1018.306315817521,3947.686090228613
8210.438,951.6431443174506,3948.4696952326262,1034.128551986803,3981.881968459446
8282.133,966.4491151963,3983.8777823442006,1050.211182736227,4016.4295819429703
8354.454,980.9475245953988,4019.933936404222,1066.5600354025419,4051.33531295843
8427.406,996.389407990738,4056.4567185856895,1083.1808996989257,4086.605204314435
8500.996,1011.6926880750839,4093.3349952823705,1100.080218733779,4122.246413733951
8575.228,1027.281157950587,4130.697939392832,1117.2639540592306,4158.2647987852715
8650.108,1043.5951820519053,4168.32410111502,1134.7387384256022,4194.6673407684575
8725.642,1059.8369063538062,4206.5221112811905,1152.5114316224988,4231.4611833358795
8801.836,1076.3211255050787,4244.92014169327,1170.589130661486,4268.65363730689
8878.695,1093.4574885314985,4284.155997861986,1188.978940160957,4306.251695849992
8956.225,1110.7357279066318,4323.411912573206,1207.6884578664672,4344.263015567177
9034.433,1128.4615041305628,4363.295846295079,1226.7257965082645,4382.69592694673
9113.323,1146.4885386374212,4404.030493360319,1246.0986203006823,4421.557472717355
9192.902,1165.072417094835,4444.840377083318,1265.8156182282632,4460.856361536239
9273.176,1183.7309587587226,4486.397172864345,1285.885546003944,4500.601008835874
9354.151,1202.9227944668044,4528.184908499708,1306.3174825578894,4540.800033074307
9435.833,1222.5664395175002,4570.846260605581,1327.1208448549855,4581.462261222676
9518.228,1242.5218300887702,4613.092012796199,1348.3054034373852,4622.59673432738
9601.343,1262.6737465748236,4657.051757606647,1369.8815595861774,4664.213214605943
9685.183,1283.921845062171,4700.749630612627,1391.8595850284398,4706.320689862213
9769.756,1305.308351095264,4744.919374555299,1414.250944514152,4748.9298868283
9855.067,1326.6976710098415,4789.861125818132,1437.0667419531385,4792.050263658263
9941.123,1349.0776254239552,4835.911450472867,1460.3190577793118,4835.692531151098
10027.931,1372.1032206761386,4882.342129794514,1484.0204488006066,4879.8676562915225
10115.496,1395.3534781001065,4928.595474847627,1508.1834160261167,4924.585845557752
10203.827,1419.1965000610878,4976.088441681498,1532.8220809198965,4969.859613546664
10292.928,1443.0584013433868,5024.312116973937,1557.9497189739452,5015.699188353742
10382.808,1468.2928733852468,5072.1409098912245,1583.5815754705948,5062.117643659283
10473.472,1493.4294051087186,5122.022554829452,1609.7323622405045,5109.126279516267
10564.928,1520.1411964213314,5171.489450868949,1636.418275203356,5156.738239102671
10657.183,1546.820199639778,5221.865307944892,1663.655887685949,5204.966451495942
10750.243,1573.2017219118873,5273.879913609261,1691.462165790789,5253.82362742125
10844.116,1601.7265535037031,5325.135360377014,1719.855396935463,5303.323839371886
10938.809,1630.4163135383048,5377.880613289596,1748.8543385553073,5353.480958548195
11034.328,1659.2565189420263,5431.25871789542,1778.478237440195,5404.308649247191
11130.682,1689.126671878525,5484.631418447981,1808.7481141820845,5455.82250565389
11227.877,1719.5859161586145,5539.520946160897,1839.6849448114854,5508.036864879383
11325.921,1751.2068696779402,5594.771489511471,1871.3112666499171,5560.9674794981565
11424.82,1782.7664504887953,5651.910286528979,1903.649951945073,5614.629373569112
11524.584,1814.7732128024043,5709.1765572867835,1936.7262159780892,5669.040100531088
11625.218,1848.256004851559,5763.6519899626755,1970.564715947053,5724.214857313999
11726.732,1882.921731378383,5821.964275425496,2005.1929236764006,5780.171942715135
11829.132,1918.5188797782755,5880.940352020317,2040.6381705870951,5836.927833444268
11932.426,1954.989291447052,5941.453993763046,2076.929733355484,5894.5004794433235
12036.622,1992.201420414987,6002.402656158801,2114.098233832529,5952.9082124858805
12141.727,2030.851448406132,6064.433184103076,2152.175345579825,6012.169181985851
12247.751,2070.453484258061,6127.279269172007,2191.195324387482,6072.3036137646695
12354.7,2111.0568793347193,6190.6415565676825,2231.192538335782,6133.329853858915
12462.584,2152.807199171725,6255.731243330936,2272.2044982008256,6195.268903878254
12571.409,2195.425030347547,6320.989612110328,2314.268955041842,6258.139851728865
12681.185,2239.292917253171,6387.537217265195,2357.4270382698905,6321.964459147305
12791.919,2284.4923304849785,6455.052428968572,2401.720667591615,6386.7631187059915
12903.62,2330.995969552265,6523.473524794639,2447.194611186598,6452.5577417413215
13016.297,2378.8308046282677,6593.680389101073,2493.8958362928297,6519.370594494918
13129.957,2428.0037108470933,6663.807138668747,2541.872781679555,6587.223085065728
13244.61,2478.8862383282244,6735.220602854632,2591.1775796968445,6656.138719353251
13360.264,2530.860243829464,6808.226790487886,2641.864104159596,6726.140103682022
13476.928,2583.861360915678,6881.773292160253,2693.9893893547255,6797.250711119577
13594.611,2639.77126801072,6956.981333445877,2747.613370579874,6869.494255194703
13713.322,2696.721948002439,7032.879711097785,2802.799053037561,6942.8946531123365
13833.069,2754.7339030246117,7110.021240862928,2859.6122121797525,7017.475357729944
13953.861,2815.7662853601105,7188.130017332583,2918.1225131826673,7093.260544040301
14075.709,2877.846052729021,7267.981230916409,2978.4042631360867,7170.275708693728
14198.62,2941.6382115081897,7348.9826152517935,3040.5336711230448,7248.5438162449445
14322.605,3008.2155648466583,7430.655728289489,3104.5930384343505,7328.09027970447
14447.672,3076.7986877557773,7514.055645548498,3170.6674923908,7408.938427549051
14573.832,3147.6139830845773,7599.062932259853,3238.8483514642317,7491.113253961434
14701.093,3220.842523607869,7684.617444707982,3309.2302343858196,7574.637426529432
14829.465,3296.067951620504,7771.697012791953,3381.9140302131414,7659.534401406199
14958.959,3374.2603311597322,7860.247643617369,3457.0067608980667,7745.82765748356
15089.583,3454.6737043812664,7950.1839562040495,3534.619589285109,7833.537859028181
15221.348,3537.8018430908187,8041.728807077743,3614.8716605398445,7922.686664659612
15354.263,3624.1180098435902,8133.957374274928,3697.8875505583915,8013.293168073805
15488.339,3713.9369789803336,8228.05815824677,3783.8001140419146,8105.37636135843
15623.586,3806.374356847704,8323.92103280287,3872.7490871387813,8198.95282771824
15760.014,3902.2863225217952,8420.071558561194,3964.8821522413855,8294.037104483625
15897.633,4000.874105075192,8518.504187182321,4060.3554295638564,8390.641331662437
16036.454,4104.819666973888,8617.359974914301,4159.33472110031,8488.775564380217
16176.487,4211.017852032312,8719.466648082616,4261.994678186209,8588.44592055185
16317.742,4321.398498951071,8821.444407280691,4368.520051570545,8689.654769595425
16460.232,4437.5297366802315,8924.908933725772,4479.10866980877,8792.402332073894
16603.965,4556.574901390707,9029.884466248666,4593.965953554376,8896.680280383793
16748.954,4680.220491487354,9136.464870916428,4713.313370791332,9002.478222436239
16895.208,4810.572501837716,9244.102504211205,4837.382022976969,9109.776365239233
17042.74,4943.085098568746,9352.941348623619,4966.4199958633335,9218.550428053253
17191.56,5082.201311409197,9463.227884772119,5100.687276595955,9328.765476867444
17341.68,5226.899331646753,9574.120437265368,5240.4608884212485,9440.378429178416
17493.11,5378.107269389772,9687.555087941933,5386.032127427946,9553.33377432775
17645.863,5534.148133442981,9801.236677358645,5537.712169034304,9667.565811834389
17799.95,5697.8761914327915,9915.028665394166,5695.828230408994,9782.993256386417
17955.382,5869.408780657819,10030.591729654763,5860.726294631469,9899.518846303583
18112.171,6046.147936079217,10146.924830436205,6032.773112570962,10017.02798564113
18270.33,6229.950858721266,10262.74061056061,6212.357263744015,10135.386371122415
18429.869,6422.67992285612,10380.420570842876,6399.885422265127,10254.43433622935
18590.802,6625.685775903849,10496.889393236637,6595.791190740007,10373.989097909947
18753.14,6835.626791014399,10614.108290931521,6800.527667647627,10493.83618438338
18916.896,7054.881080589374,10729.786724364962,7014.574008121682,10613.729412641807
19082.081,7283.129928193127,10845.046299574304,7238.430776125117,10733.383762422147
19248.709,7524.014892954086,10962.001018477255,7472.626787326713,10852.474354620908
19416.792,7772.904936417326,11074.938443049974,7717.712356215444,10970.627618744687
19586.343,8035.21713750398,11185.815203254038,7974.2629266505965,11087.417694519345
19757.374,8307.511024191646,11296.138781062256,8242.875222439878,11202.358653093559
19929.899,8595.744368050351,11402.412956333463,8524.170428695068,11314.899481026014
20103.93,8894.684854886838,11505.755178254418,8818.785692837986,11424.413657988765
20279.481,9205.161512832536,11603.91436639365,9127.377564585237,11530.193293980657
20456.565,9534.37617011938,11698.341390169626,9450.61292432693,11631.437973692347
20635.195,9874.581051391127,11785.580960268202,9789.165140126412,11727.24548312698
20815.385,10232.828834841539,11866.112347618602,10143.709083455966,11816.601648288079
20997.148,10605.61893516743,11938.932231216875,10514.908518740294,11898.367976512993
21180.499,10993.746157795473,12002.989955846802,10903.411207484256,11971.271205008217
21365.45,11400.955201875095,12054.927931391456,11309.824969324043,12033.88903873307
21552.017,11827.025281295826,12097.793720274954,11734.716227224118,12084.640545651115
21740.213,12269.369585425193,12123.44601574658,12178.574945794833,12121.771703103548
21930.052,12729.639298608192,12135.661039041233,12641.799620630687,12143.34568134581
22121.549,13207.213250705156,12132.243667093231,13124.66967098211,12147.232758296439
22314.718,13710.391394333077,12105.841263410894,13627.307838161885,12131.102653577125
22509.574,14223.459557348433,12057.344353712855,14149.647453405782,12092.420435766753
22706.131,14759.324720522749,11978.63757384656,14691.384203289224,12028.44719231685
22904.405,15323.684038664818,11870.689603451354,15251.936057393319,11936.245714409235
23104.41,15899.85086293858,11738.113575378837,15830.378978139863,11812.696325822117
23306.162,16474.25407933033,11582.034274555144,16425.40068156573,11654.519427513438
23509.675,17072.78808000283,11368.460978979225,17035.228552319095,11458.314555904728
23714.966,17682.512104873644,11137.584587814265,17657.58286231253,11220.606883398254
23922.049,18291.775131556304,10850.118852064035,18289.598850537346,10937.920431772429
24130.94,18919.726735640907,10514.915849368648,18927.7871696013,10606.858501803637
24341.655,19538.338646485867,10130.698503485151,19567.983228300618,10224.21058691469
24554.211,20160.396903351,9698.382599412376,20205.321049644597,9787.075024184638
24768.622,20774.668178191554,9199.764336293056,20834.214196954694,9293.010619300794
24984.906,21373.29623585633,8666.268243268145,21448.398318909007,8740.179861689885
25203.079,21954.82849359629,8068.08521585485,22040.970418399076,8127.529211964097
25423.156,22506.72010123918,7403.055711992615,22604.491153550392,7454.957459044971
25645.155,23022.86998141151,6690.787900956812,23131.13908627582,6723.462861723423
25869.093,23497.686743197897,5921.175183105535,23612.88996572023,5935.291494060548
26094.986,23924.713908202433,5099.513691312025,24041.751636750556,5094.039193695039
26322.852,24297.497951868947,4228.980900087024,24410.03975097371,4204.690374570885
26552.708,24594.93085182579,3317.5447526617218,24710.664450777713,3273.6151543559617
26784.57,24837.280529635227,2377.4771856646157,24937.430786571378,2308.484073448191
27018.458,24991.40507242104,1398.5491094974338,25085.326749782977,1318.084971366051
27254.387,25077.128563547303,406.8614486838801,25150.762009192742,312.1260285754352
27492.377,25072.15411108806,-589.2688801555043,25131.76241928902,-699.1026910206368
27732.445,24993.931317977513,-1591.9084477511458,25028.07851133236,-1705.0356314776955
27974.61,24826.760850783776,-2575.201764849243,24841.21176047902,-2695.214261116734
28218.889,24578.86240793969,-3539.8545601637984,24574.35228400612,-3659.627332384357
28465.301,24267.985636439957,-4471.817248209152,24232.227476206936,-4589.054293210255
28713.865,23882.974819904262,-5363.690250576829,23820.88328690754,-5475.331974505655
28964.599,23430.207760062374,-6209.867280003076,23347.414928740833,-6311.558916601168
29217.523,22922.50628801848,-7020.0002633389795,22819.660147303086,-7092.236698838518
29472.655,22361.892658434495,-7757.451433343568,22245.898408815352,-7813.310209391339
29730.015,21744.433241276343,-8449.820902622892,21634.54773994459,-8472.161502916355
29989.623,21117.946266395647,-9043.665028067797,20993.90367464853,-9067.52307930287
30251.497,20488.384829211398,-9630.898275453806,20331.9211594388,-9599.34703883102
30515.658,19776.635054303606,-10122.005573908926,19656.026356163315,-10068.656729858898
30782.126,19106.64391557854,-10545.37183992566,18973.000046943755,-10477.3607666231
31050.921,18406.758313658203,-10915.62718201729,18288.89548232376,-10828.074421230553
31322.063,17723.385227591483,-11234.35392718624,17609.000190310475,-11123.94449575146
31595.572,17043.471806699778,-11502.071685570609,16937.832551082443,-11368.487712361304
31871.47,16371.349754723387,-11710.659278929103,16279.16103597055,-11565.448793223646
32149.777,15706.009258245433,-11886.903760710373,15636.058130202566,-11718.6748099106
32430.514,15068.714848450367,-12012.078091098016,15010.950555993712,-11832.017318170116
32713.703,14447.949296799898,-12104.141413981442,14405.685022560123,-11909.251990302771
32999.364,13842.241856574046,-12158.556422064137,13821.603253783494,-11954.017285640773
33287.52,13259.812149515796,-12179.640157508316,13259.599808078681,-11969.771957176888
33578.193,12700.717154221487,-12176.733691272226,12720.196174073139,-11959.764704044142
33871.403,12160.757066022483,-12147.40210117874,12203.602945446404,-11927.017488084815
34167.174,11646.913432606387,-12096.152153043058,11709.764566671078,-11874.317062763239
34465.527,11155.191171713179,-12025.423661306815,11238.4213152356,-11804.215085221535
34766.486,10687.727777717533,-11938.435616965886,10789.142598444916,-11719.032173195383
35070.073,10239.753992802014,-11838.410478862232,10361.372508911221,-11620.867997246809
35376.311,9814.99064962662,-11723.195303880711,9954.457037189453,-11511.61232348828
35685.223,9408.542016728648,-11599.521420472676,9567.672558993632,-11392.958687605218
35996.832,9026.454140466434,-11465.79291006749,9200.248185688777,-11266.418749166885
36311.162,8662.441342373275,-11323.531894463293,8851.383064245361,-11133.336505371844
36628.237,8315.804046503084,-11177.81832607414,8520.262633262018,-10994.903169308589
36948.081,7986.567353706945,-11023.95638782782,8206.070548838645,-10852.171230594433
37270.718,7675.464491559003,-10866.877683805495,7907.9980961746305,-10706.067828380941
37596.172,7379.60028141498,-10707.79359223121,7625.251487150254,-10557.407303946587
37924.468,7100.367739447465,-10546.059381788287,7357.056604215511,-10406.902401179175
38255.631,6834.527531030872,-10382.02913423515,7102.664062161704,-10255.175466716699
38589.686,6583.442905475007,-10216.91369911983,6861.352068119834,-10102.768283575591
38926.657,6345.458719932174,-10051.876697171132,6632.428975663019,-9950.151458657318
39266.572,6120.207798772041,-9885.60210937223,6415.231110999435,-9797.730250849
39609.454,5906.071136085894,-9720.619825901642,6209.129281092739,-9645.855919411333
39955.33,5704.476308122938,-9556.928982025665,6013.522925429008,-9494.828216649154
40304.227,5511.915655117119,-9392.341073011125,5827.842515625596,-9344.903070466287
40656.17,5330.926171971718,-9230.227948243793,5651.549844858471,-9196.29865200537
41011.187,5158.367256731116,-9069.804012549826,5484.13456604018,-9049.197900459243
41369.303,4996.304774663331,-8909.541937415737,5325.116173513109,-8903.755192947097
41730.547,4841.13170327508,-8752.095755285045,5174.039628341774,-8760.097138326255
42094.945,4695.144021220787,-8597.047956392573,5030.4773310956625,-8618.328695874787
42462.525,4556.602147501396,-8442.969009712628,4894.025721180757,-8478.534047586867
42833.315,4424.480911123119,-8291.002323521021,4764.30492890539,-8340.779967254437
43207.343,4300.980603055029,-8141.560425768647,4640.957522403002,-8205.11807096484
43584.637,4183.208411587091,-7993.659835154668,4523.647277998541,-8071.586802886626
43965.225,4071.6972427015594,-7848.307495691259,4412.057984050526,-7940.213186230603
44349.137,3966.149464082914,-7705.296716781303,4305.891748389629,-7811.013701642516
44736.401,3866.6415563400597,-7564.992135715112,4204.869053975783,-7683.9970258347585
45127.047,3772.5423010988625,-7426.31996793659,4108.726580886498,-7559.163879588161
45521.104,3683.4775206211757,-7289.748502218091,4017.2170087198547,-7436.5090829764085
45918.601,3599.1898948133576,-7155.940058877932,3930.107766867366,-7316.022137228857
46319.57,3519.6537549865448,-7024.233777110816,3847.179518875233,-7197.687161484579
46724.041,3444.6259139841086,-6894.599664884511,3768.2264180620746,-7081.485137321078
47132.043,3373.548833731026,-6767.469111861146,3693.054991068363,-6967.394175706309
47543.608,3306.8554306938886,-6642.83616060866,3621.4826434145252,-6855.388950866824
47958.766,3243.8743912521486,-6520.023296127774,3553.337883017494,-6745.442593391741
48377.55,3184.6109281815393,-6399.576345956714,3488.4587903880474,-6637.525762180055
48799.991,3129.029420917561,-6281.8221141281,3426.6932216932432,-6531.608348281199
49226.121,3076.9549455085566,-6165.238216200268,3367.8977189114057,-6427.658998551102
49655.972,3028.2363709504857,-6051.338075612284,3311.9371147217294,-6325.645657542354
50089.576,2982.8105566592117,-5939.810661348771,3258.684005188924,-6225.535805043353
50526.967,2940.060890759556,-5830.016033107481,3208.018031950049,-6127.296219016598
50968.177,2900.5053392779805,-5722.33287595579,3159.8259101332583,-6030.894076125769
51413.239,2863.6932532114756,-5616.655815793656,3114.000630420537,-5936.296414847832
51862.188,2829.6352484892036,-5513.373863744976,3070.440991976505,-5843.470092643529
52315.058,2797.9778787103282,-5411.731999350301,3029.051544820887,-5752.382548834517
52771.882,2769.4189980000697,-5312.414077806486,2989.7422045341,-5663.001870382092
53232.694,2742.769252671102,-5214.985903347804,2952.427737625735,-5575.296470185629
53697.531,2718.3829585310073,-5119.321373387476,2917.027328761528,-5489.234816335768
54166.427,2696.7236465306305,-5026.309195701958,2883.464772967358,-5404.786628947657
54639.417,2677.0649484287387,-4934.9087156567975,2851.667872751884,-5321.922159209595
55116.538,2658.4013605890086,-4845.6428049379,2821.5681429294996,-5240.612083413634
55597.825,2643.825863887636,-4758.27100023921,2793.1008379850305,-5160.82823271769
56083.314,2630.817831791795,-4673.145646638985,2766.204526266582,-5082.54309260615
56573.043,2617.954156188459,-4589.532611663788,2740.8208468594253,-5005.729688088086
57067.049,2607.8397912725327,-4508.142900126207,2716.894484151352,-4930.362089581541
57565.368,2599.462768835736,-4428.005555639386,2694.3729622551937,-4856.415398217655
58068.038,2592.856622160298,-4351.108963052395,2673.2063315549262,-4783.865302320463
58575.098,2587.4651401888195,-4276.2161408601305,2653.347070768945,-4712.688256439561
59086.586,2583.696290954448,-4202.651334858213,2634.750013376856,-4642.861766475381
59602.54,2581.9308673079277,-4131.091073484276,2617.3721529601735,-4574.364233896377
60122.999,2580.61777580415,-4062.568048707467,2601.1724740832165,-4507.174821217774
60648.003,2580.132360829353,-3993.4762011719513,2586.1118329737756,-4441.273460766215
61177.592,2581.66846086889,-3927.1999499040107,2572.1528692208376,-4376.64098105163
61711.805,2584.1514523507876,-3863.433178000867,2559.2599098551777,-4313.25921057249
62250.682,2587.1699130929155,-3801.164053740938,2547.398804564496,-4251.110719903456
62794.266,2591.560308613632,-3740.609795623535,2536.5367921358074,-4190.178602484434
63342.596,2596.4174720186566,-3682.043088787854,2526.642547754762,-4130.4472573900175
63895.714,2603.0070632756424,-3625.422443450869,2517.6859415294566,-4071.9015794542306
64453.662,2609.489591267434,-3569.8219760962093,2509.63801516076,-4014.5272918260994
65016.482,2617.012659162701,-3515.9497610285116,2502.470894016914,-3958.3109271520043
65584.217,2625.0149785682843,-3463.8476214393113,2496.1576931058325,-3903.2397127553104
66156.91,2634.1600055691824,-3413.0581772342052,2490.672453673896,-3849.301657728666
66734.603,2643.587745388808,-3363.9066142583265,2485.9900737872495,-3796.4856223575666
67317.341,2653.2992217347046,-3316.661031635641,2482.086204004186,-3744.780934161094
67905.167,2663.8171397434053,-3270.5822538297894,2478.93722100354,-3694.177830182968
68498.126,2676.522829205159,-3225.804643837592,2476.5201327766717,-3644.6670795775462
69096.263,2687.068821725328,-3182.5162139334366,2474.8125306200322,-3596.2401458793943
69699.624,2700.1274624256357,-3139.7821297019614,2473.7925249993873,-3548.889086008713
70308.252,2712.9043300224826,-3098.7191867321458,2473.4386906261293,-3502.606837495828
70922.196,2727.278720904396,-3058.78580698009,2473.730001167799,-3457.386505506437
71541.5,2740.878790003733,-3020.947543910527,2474.64578208404,-3413.2221797922784
72166.213,2756.3456010891236,-2984.329583425247,2476.1656604498576,-3370.1081712583214
72796.38,2772.156080149384,-2948.3370158180937,2478.2695016666335,-3328.0396324618378
73432.05,2788.4143562096056,-2914.571980122973,2480.937377832813,-3287.0119770961883
74073.271,2805.220700776389,-2881.7505409312735,2484.1495084954217,-3247.0212013999085
74720.092,2822.9615093702546,-2850.5135266988373,2487.8862211914584,-3208.0637246142587
75372.56,2841.930878154467,-2820.8369788612854,2492.1278886708265,-3170.136539559919
76030.726,2860.9053932321112,-2792.7752115357926,2496.8549229740347,-3133.2368294609046
76694.639,2880.557402661548,-2766.4001216644306,2502.0476973078157,-3097.3622936258457
77364.349,2900.6655198880358,-2741.233550161642,2507.6865247935257,-3062.5109392729432
78039.908,2921.3213254265365,-2718.371709829515,2513.751631470797,-3028.681006475128
78721.365,2942.869195268561,-2697.5083834517272,2520.223075111587,-2995.871186075972
79408.774,2965.0961325660905,-2677.970585461858,2527.0807836177933,-2964.0801899070766
80102.184,2986.8800204287395,-2660.900229161568,2534.304426150713,-2933.3071922899344
80801.65,3009.0811299516063,-2645.4280629747095,2541.873491604116,-2903.551284275854
81507.224,3031.620315723168,-2632.4974515819913,2549.7671678249426,-2874.8118439729938
82218.958,3054.2579272717776,-2621.348150487347,2557.9643429836306,-2847.088350697697
82936.908,3076.9028000849057,-2612.6649952939324,2566.4436278499497,-2820.3801940116905
83661.127,3099.0155323680874,-2606.15450777366,2575.1832522595923,-2794.686903325155
84391.67,3120.776498008496,-2601.2431071315673,2584.1611021456592,-2770.0079085467505
85128.592,3142.4992301836014,-2599.0251135143503,2593.354678079549,-2746.3425693533386
85871.95,3163.0777244797223,-2599.300028993071,2602.7411048103563,-2723.6900642239034
86621.798,3182.699319443305,-2601.705007697667,2612.29705551385,-2702.049493946081
87378.194,3201.8599023857173,-2605.7520940418785,2621.9988305315896,-2681.419618155162
88141.195,3220.2379959890263,-2612.2086899985534,2631.822287682084,-2661.798956366941
88910.859,3236.434317510913,-2620.3454767693497,2641.74286433487,-2643.185676984005
89687.243,3251.9598342219483,-2630.559799921592,2651.7355518594063,-2625.5775916343123
90470.407,3265.451355335035,-2643.7196018664226,2661.774950943892,-2608.972008146501
91260.41,3277.6742826329278,-2657.312591571123,2671.835227543623,-2593.3657703424265
92057.311,3288.269351913831,-2672.9664379468686,2681.8901374628904,-2578.7551744966463
92861.171,3296.203279954666,-2690.4361788717283,2691.913067115623,-2565.135878317173
93672.05,3302.592706970002,-2708.6657124081885,2701.877015416208,-2552.502901002342
94490.011,3307.132413606806,-2728.5087442861077,2711.7546670803376,-2540.8505041824546
95315.113,3309.1671321836934,-2748.6306453181573,2721.51833610845,-2530.172240483159
96147.421,3308.8698938677135,-2770.1513760546527,2731.140118742691,-2520.4607614134507
96986.996,3306.9110764998168,-2792.291404800269,2740.5918119822422,-2511.707898648012
97833.903,3301.9359178921545,-2814.3688886334785,2749.8450485200397,-2503.9045175773117
98688.205,3295.64100900182,-2837.3361357588337,2758.871274925607,-2497.04053534491
99549.967,3286.659442645826,-2860.282920151012,2767.641847079651,-2491.10483573033
100419.254,3274.7119229988593,-2882.741073728971,2776.128063508733,-2486.0852458744653
101296.132,3261.110245327178,-2905.850976249947,2784.3012351742204,-2481.9684903111256
102180.667,3246.024741566661,-2927.6042476989296,2792.1327395283324,-2478.7401614266955
103072.925,3227.5361347122807,-2948.7572818294907,2799.594089496495,-2476.3846856958194
103972.975,3207.7332341477945,-2969.952096569997,2806.6570291286152,-2474.8852911585836
104880.885,3185.92506763847,-2989.4488999477226,2813.2935737594985,-2474.2239985775686
105796.722,3161.9444379911815,-3008.6046507366955,2819.47609202462,-2474.3815978116854
106720.557,3136.878002638463,-3026.521859952142,2825.1774204962503,-2475.337637988947
107652.459,3110.0833853789604,-3042.7192405161404,2830.3709049071736,-2477.0704239024562
108592.498,3081.7811897335423,-3058.363108848304,2835.0305066008195,-2479.5570163580005
109540.746,3050.728420816373,-3072.031023534,2839.1308914782753,-2482.773246185841
110497.274,3021.2321162663548,-3083.8806657033183,2842.647502347923,-2486.69372118257
111462.155,2989.542238699686,-3094.0291109881086,2845.556659360348,-2491.2918580584737
112435.461,2956.8993060729213,-3103.1803327284515,2847.835636181678,-2496.539899227213
113417.267,2923.29515007123,-3110.2777551267204,2849.4627565776227,-2502.408969551151
114407.645,2888.9281253933163,-3115.965541320543,2850.417466740407,-2508.86908604961
115406.672,2855.361148700342,-3119.510988096212,2850.680429203252,-2515.8892575958594
116414.422,2821.130877322574,-3121.799045834057,2850.2335929053834,-2523.4374918030308
117430.973,2785.9361878372283,-3122.6629888389903,2849.0602709480154,-2531.4809084409944
118456.4,2752.268917390419,-3121.2259881186906,2847.1452154596304,-2539.985758263393
119490.781,2718.0937799810968,-3119.2464900610144,2844.474679373901,-2548.917546902706
120534.194,2684.218827672927,-3115.2668381838957,2841.036479954762,-2558.241095332797
121586.719,2651.06389231099,-3110.249379566726,2836.82004734118,-2567.920646612462
122648.435,2617.4787790595265,-3104.069580562947,2831.816483400195,-2577.9199328208197
123719.422,2585.0465340711526,-3095.2953373465093,2826.01859744655,-2588.2022910617943
124799.76,2553.5452984026515,-3087.452276473328,2819.4209454407837,-2598.7307562991364
125889.533,2522.7754326418153,-3078.318354551243,2812.0198298493588,-2609.4682060545747
126988.821,2492.1065694871445,-3067.3510953757036,2803.8133688299586,-2620.3773897872775
128097.709,2461.9170161813227,-3056.1577516938264,2794.8014454587565,-2631.4211267433993
129216.28,2433.2699308620886,-3044.405167554343,2784.985758447087,-2642.562347120938
130344.618,2404.7568071515825,-3031.3671300472047,2774.3697943323837,-2653.7642322801653
131482.809,2376.5393387408035,-3017.4999681304716,2762.9588002044816,-2664.9903345818866
132630.939,2350.0831451340673,-3003.8339769864674,2750.759777254963,-2676.2046658993063
133789.095,2324.1678866355915,-2989.165254639088,2737.781438786369,-2687.3718138056493
134957.363,2298.5961702464824,-2974.282907683528,2724.0341927893683,-2698.457025996347
136135.834,2273.793769128974,-2958.5486860361207,2709.5300226688178,-2709.42636702455
137324.595,2249.9997928325574,-2943.030705663057,2694.2825379425904,-2720.2467287226573
138523.736,2226.8977847483675,-2927.0255230157977,2678.3068286467096,-2730.885987265592
139733.349,2205.2525527151456,-2910.619280956187,2661.61940451974,-2741.31307748955
140953.524,2183.1613568730977,-2893.5675118662075,2644.238175130847,-2751.498037617859
142184.353,2162.242877407711,-2876.6300058007414,2626.182316127069,-2761.4121177208626
143425.931,2142.2998802473467,-2859.6423477379167,2607.4721663178343,-2771.027851764042
144678.35,2123.0934067240332,-2842.4343346393653,2588.129228444374,-2780.31906949859
145941.706,2104.377147520043,-2825.243266077612,2568.175972158691,-2789.261002827017
147216.094,2086.8685505904696,-2807.112162181098,2547.635815147426,-2797.830291815808
148501.609,2069.9749904368455,-2790.0939504450603,2526.5330128106416,-2806.005030714591
149798.35,2053.4748033241635,-2772.4274490426674,2504.892494028686,-2813.764821769562
151106.414,2038.1071554068064,-2754.8200691472566,2482.73986096042,-2821.0907581992305
152425.901,2023.8741865042678,-2737.432516370932,2460.1012078406948,-2827.9654686931353
153756.91,2009.8769684579822,-2720.3141495653226,2437.0030909213956,-2834.3731014016817
155099.541,1997.130239170307,-2703.043124683153,2413.472398767365,-2840.299335646501
156453.896,1985.0688351130739,-2686.7192717091584,2389.536239885331,-2845.7313782775836
157820.078,1973.550575144379,-2669.9717005727366,2365.2218678564104,-2850.6579443038845
159198.189,1962.8213402180518,-2653.774992882524,2340.556628230657,-2855.069230834667
160588.334,1953.1652694970735,-2638.077555096063,2315.567801529092,-2858.9569057336053
161990.619,1944.1425312680467,-2622.939765182114,2290.282556546151,-2862.3140681280997
163405.148,1935.5096792450809,-2608.187409441827,2264.72792671245,-2865.135207121277
164832.029,1927.4765465990558,-2593.6156161407307,2238.9306281130134,-2867.4161758330615
166271.37,1920.2946044885325,-2580.450878595735,2212.917062362426,-2869.1541371728295
167723.28,1913.3613648648516,-2567.2114282644584,2186.7132340883045,-2870.3475187268778
169187.867,1907.1970175240456,-2554.8511312797987,2160.3447272078124,-2870.9959615516354
170665.244,1901.120588457851,-2543.7232571423488,2133.8365420246746,-2871.1002699624705
172155.522,1896.1008145597152,-2532.7920882475955,2107.2131715458504,-2870.662352187861
173658.813,1890.713112667304,-2522.4022156557226,2080.498502242822,-2869.685166411943
175175.231,1885.8027835710448,-2513.4610677453934,2053.715756311803,-2868.1726613874243
176704.89,1881.0706125285528,-2505.065544984517,2026.887491964762,-2866.1297187358587
178247.907,1876.302415110373,-2497.529554751123,2000.0355202756011,-2863.562089719659
179804.398,1871.9771924628394,-2491.5070837749977,1973.1809494315194,-2860.4763411164186
181374.48,1867.6558528350959,-2485.2463246985526,1946.3441277117977,-2856.8797942832994
182958.272,1863.442007003439,-2480.3135031981396,1919.5446093242356,-2852.780463693885
184555.894,1858.7117045242248,-2476.177441216308,1892.8011587072199,-2848.187000649143
186167.467,1853.5502573261276,-2473.1601685697765,1866.1317411899738,-2843.108636573791
187793.113,1848.149218831659,-2470.926856194254,1839.5535172642524,-2837.5551276204424
189432.954,1843.2702786502455,-2469.1396795332503,1813.082856277024,-2831.536704569279
191087.114,1837.0707222392527,-2468.2353825976575,1786.7353045143984,-2825.064013730751
192755.719,1831.099584396705,-2467.747262583845,1760.5255899864565,-2818.148065294949
194438.894,1823.8863916575049,-2468.5099747214676,1734.4676760899454,-2810.800197196681
196136.767,1816.690045218772,-2469.356281407106,1708.574707657404,-2803.0320121179157
197849.467,1808.5726237448719,-2471.376698713983,1682.8590541698766,-2794.855340843739
199577.121,1799.5361404866019,-2473.5374436413776,1657.332366848029,-2786.282215347616
201319.862,1789.938879538655,-2476.4487043032927,1632.0054746042742,-2777.324789696294
203077.821,1780.082652497192,-2479.4201061989875,1606.888519905591,-2767.99534111797
204851.131,1768.7935014658021,-2482.8027826831853,1581.9909172613184,-2758.3062148797694
206639.925,1757.036764016534,-2486.288064629776,1557.3214007903052,-2748.2698015931014
208444.34,1744.5421946249915,-2490.3413156220445,1532.8879893009553,-2737.898483558533
210264.511,1730.9525762076046,-2494.1863304153894,1508.6980898581999,-2727.2046395263806
212100.576,1716.65754327838,-2498.1845793945267,1484.758450933178,-2716.200589525017
213952.674,1701.6491915789427,-2501.9482874350606,1461.0752122284784,-2704.8985812655797
215820.944,1685.7269042172443,-2506.300816381614,1437.6539394496706,-2693.310773704161
217705.529,1669.0883594463817,-2509.5864037036495,1414.4995970112802,-2681.449191363663
219606.57,1651.7391069070165,-2512.715095949443,1391.6166459799754,-2669.325742643226
221524.212,1633.6479264515015,-2516.2301753184693,1369.008993089491,-2656.952164981995
223458.598,1614.8374262092645,-2519.488984038195,1346.6800856250306,-2644.340047688641
225409.876,1595.3140107912268,-2521.977950993633,1324.6328519926094,-2631.5007728579903
227378.193,1574.6496244625805,-2524.6083972321553,1302.8697944362925,-2618.4455419667242
229363.697,1554.5154857188395,-2525.5796072522758,1281.3929871301063,-2605.1853522768192
231366.54,1533.344068295076,-2526.817439532579,1260.2040663363514,-2591.730967239368
233386.871,1511.638994248459,-2527.2539436821858,1239.30432662141,-2578.0929553049773
235424.845,1489.304116892772,-2526.549032284413,1218.6946468226815,-2564.281622598458
237480.614,1466.2799169284212,-2527.2020270833614,1198.375603829587,-2550.307067915824
239554.334,1444.4292670893146,-2524.824378918354,1178.3474207371783,-2536.179130771853
241646.163,1420.6509300465727,-2523.9238086528603,1158.6100078280024,-2521.9074012324063
243756.258,1396.7290021974645,-2521.6833441036056,1139.1630093104302,-2507.501237742672
245884.778,1373.3846516400347,-2519.301027254664,1120.00579217819,-2492.9697448624365
248031.886,1349.7885562689685,-2515.5923858402302,1101.1374470282515,-2478.3217585759326
250197.742,1325.6841627520726,-2510.670858332978,1082.5568669666757,-2463.56589377567
252382.51,1300.7055675094364,-2506.1924869056347,1064.2627013620179,-2448.7104968467274
254586.357,1277.4018763710667,-2501.00896776439,1046.2533821586944,-2433.763653584401
256809.448,1253.398048502306,-2494.6352572447113,1028.5271797250268,-2418.733224675621
259051.951,1229.468739533121,-2488.075163783357,1011.0821753562587,-2403.626813740264
261314.036,1204.9784209669062,-2480.904651977619,993.9162839619701,-2388.451776695868
263595.874,1181.3963294397438,-2472.8591893522334,977.0272749265746,-2373.2152314063287
265897.637,1157.398020620583,-2464.3036063345885,960.4127841040518,-2357.924060873926
268219.5,1133.4149576914954,-2455.824571572635,944.0703113322556,-2342.5849035529545
270561.638,1109.769938887926,-2446.1499591049665,927.9972533504622,-2327.204177143249
272924.227,1086.711413966314,-2436.7202911519116,912.1909065662987,-2311.7880758915326
275307.448,1064.0867101415072,-2426.583230005956,896.6484510286344,-2296.342548944428
277711.478,1041.0851626857761,-2416.171815712382,881.3670193807156,-2280.8733633398924
280136.502,1018.1157237667586,-2404.51451836771,866.3436280467147,-2265.3860309958923
282582.701,995.5280398159223,-2392.533097578635,851.575262474907,-2249.885890793151
285050.26,973.766006106857,-2380.9853179318447,837.058834418932,-2234.378061970076
287539.367,952.1906173445402,-2368.20016669368,822.7911971159496,-2218.867455889576
290050.209,930.4720107540575,-2355.3726972323266,808.7691755439602,-2203.358806028102
292582.976,908.5520451285372,-2342.57187875757,794.9895497944733,-2187.856647926664
295137.86,887.655218520014,-2328.694815030608,781.4490676460547,-2172.365330669293
297715.053,867.0124930812524,-2315.075817097572,768.1444609459061,-2156.8890340085827
300314.751,847.3096182220428,-2300.3094340730227,755.0724302231296,-2141.431749269765
302937.15,826.5128834150304,-2286.029386889392,742.2296707810239,-2125.9973085030942
305582.448,807.0090067485719,-2271.7539836104656,729.612867055963,-2110.5893773905495
308250.845,787.5924042632471,-2255.971361035024,717.2186973641259,-2095.2114602934416
310942.543,768.6872261996589,-2240.853608284694,705.0438383137083,-2079.866905246092
313657.746,749.9610780676041,-2225.3183913106795,693.0849688993037,-2064.5589088865036
316396.658,731.8916095530877,-2209.467908157624,681.3387827582088,-2049.2905324018075
319159.486,713.9108117568659,-2193.543415716074,669.8019782013707,-2034.0646892345865
321946.441,696.3340103433991,-2177.7143396233623,658.4712580370334,-2018.8841446805625
324757.731,679.5539805028114,-2161.6339911603905,647.3433609757178,-2003.7515585941917
327593.57,662.6785123939992,-2144.8611360322475,636.4150275362196,-1988.6694407198188
330454.172,646.3058504548154,-2128.1170389638155,625.6830268818102,-1973.640187728197
333339.753,630.0465922242176,-2111.3809564445783,615.1441509223737,-1958.6660765778481
336250.532,614.4573295914583,-2094.546147700421,604.7952129440514,-1943.749263641757
339186.728,599.5438668892722,-2077.8770576956977,594.6330602633685,-1928.8918042305468
342148.563,584.1299673668077,-2061.3194772728534,584.6545650862643,-1914.095641069765
345136.262,570.3179092695425,-2043.7137749417154,574.8566265658258,-1899.362608530714
348150.05,556.313308096612,-2026.788805352564,565.2361821121725,-1884.6944512591883
351190.154,542.4297251188465,-2009.425565731718,555.7902016809438,-1870.0928176896941
354256.806,528.7166655657043,-1992.4246643443448,546.5156799843769,-1855.5592495176215
357350.236,516.2603424599987,-1975.464019472607,537.4096590430487,-1841.0952186489776
360470.678,503.1147730391011,-1957.8492302623017,528.4692105184603,-1826.7021018307112
363618.368,491.2321546262012,-1940.45235067574,519.6914427803968,-1812.3811936016934
366793.545,479.13945736944976,-1923.7710565539437,511.0734988904824,-1798.133705015744
369996.448,467.7411736222292,-1906.5897676252446,502.61256533915906,-1783.9607802123137
373227.319,456.9473485291175,-1889.670721835217,494.30586418857985,-1769.863485779091
376486.403,445.76390095690766,-1872.4660499627512,486.1506538115238,-1755.8428139440457
379773.945,434.7461189793824,-1855.7080438968405,478.1442367295563,-1741.8996982985157
383090.195,424.7405287779612,-1838.6948539122818,470.2839474869183,-1728.0349951305554
386435.403,415.0412654566167,-1822.0039727369196,462.567165141528,-1714.2495073824282
389809.822,405.4193055499545,-1805.3200034173558,454.9913060705298,-1700.5439744655716
393213.706,395.8104836440459,-1789.0195445301474,447.55382861179714,-1686.919082925701
396647.314,387.2004443190109,-1772.696069414264,440.25222434774014,-1673.3754528251422
400110.905,377.74943082644324,-1756.8257609565715,433.0840290856961,-1659.913660152119
403604.741,369.30546946903075,-1740.5698689242317,426.0468161887128,-1646.5342270074814
407129.085,361.2022769950524,-1724.102793267856,419.1382005367966,-1633.2376314674714
410684.205,352.6749045694625,-1708.6674945162702,412.3558305152111,-1620.0242945584712
414270.368,344.754486881517,-1692.856925717373,405.6973995154493,-1606.894604828019
417887.846,337.3500092725961,-1677.2028093488605,399.16063418708495,-1593.848897902135
421536.913,329.52095155885723,-1661.4883519295447,392.7433000542948,-1580.8874696695407
425217.844,321.6850055601745,-1646.5999164516006,386.4432028359517,-1568.0105814664464
428930.918,314.71485840153485,-1631.2206654902263,380.25818290006526,-1555.218451203406
432676.415,307.2128194945455,-1615.9893029017383,374.186120104741,-1542.511265577241
436454.618,300.2411475968637,-1600.821462741918,368.22493003325275,-1529.8891746994425
440265.813,293.63735528694974,-1586.0298912008332,362.3725637615218,-1517.3522938142892
444110.288,287.12707634996394,-1571.3824883924613,356.62700907006325,-1504.9007081642437
447988.333,280.3734923720658,-1556.4315289958108,350.9862899573203,-1492.5344743284359
451900.243,274.5764190893372,-1541.5096748397011,345.44846195470757,-1480.2536121632359
455846.311,268.1751763792219,-1527.157601729419,340.01162169881235,-1468.0581282283217
459826.838,262.0150268028615,-1512.3565630753067,334.673892437383,-1455.9479858099987
463842.123,256.3000765323021,-1498.0641234718232,329.43343746310086,-1443.923137194524
467892.47,250.5606365167854,-1483.6203140200987,324.2884500901083,-1431.9835033233685
471978.186,245.2507328751157,-1469.4004644460854,319.23715606919126,-1420.1289812818193
476099.579,239.6759852646891,-1455.3148143971177,314.2778155705484,-1408.359451172558
480256.96,234.41246402699252,-1440.9831749891694,309.40872015265035,-1396.674771248602
484450.644,229.59113703887803,-1427.2874339876741,304.6281912410094,-1385.0747762911014
488680.949,224.8281135862256,-1413.4839338863997,299.93458096636596,-1373.559281603238
492948.193,219.9537096349009,-1399.7539748493698,295.32627493799805,-1362.1280920069926
497252.699,215.4537951176635,-1386.2178125856726,290.80168620293415,-1350.7809891133088
501594.793,211.18609453817925,-1372.8525051924862,286.3592571288915,-1339.5177378442297
505974.803,206.71875906640113,-1359.319905344053,281.99745995396694,-1328.3380898702017
510393.06,202.64204838999143,-1346.2643996923105,277.7147952628774,-1317.2417817822109
514849.898,198.51233020119037,-1333.163332440538,273.50979155454354,-1306.2285359269545
519345.654,194.60264053777087,-1320.2849844697278,269.3810048073029,-1295.2980612060128
523880.667,190.82260031018984,-1307.4137204697358,265.3270189245212,-1284.4500562130056
528455.281,187.08743278747423,-1294.7444150633826,261.34644260470554,-1273.684202770022
533069.841,183.5480839307208,-1281.9791998551007,257.4379124815374,-1263.000176196323
537724.696,180.14033137931568,-1269.6789774132749,253.60009001843562,-1252.3976388207464
542420.199,176.75675600274852,-1257.2908824987364,249.83166118712953,-1241.876240809391
547156.703,173.47986287926773,-1245.0074447974607,246.13133922199816,-1231.4356297016288
551934.567,170.22345140513133,-1232.936092336545,242.49785937370987,-1221.0754375489873
556754.152,167.2975725070205,-1220.928496449565,238.92998171160906,-1210.7952904709398
561615.823,164.16874647807927,-1208.9525506715759,235.426489173189,-1200.5948048459557
566519.947,161.21246327882577,-1197.271779526141,231.98618862001183,-1190.4735920824412
571466.894,158.57970910801768,-1185.549281470629,228.60790964815592,-1180.4312569162055
576457.039,155.7017938959843,-1174.0991758295452,225.29050286166068,-1170.4673939113793
581490.758,153.16344237121814,-1162.4893110999822,222.03284219008273,-1160.581596016733
586568.433,150.48081142020794,-1151.203726134209,218.8338211960863,-1150.7734450765063
591690.447,148.07346855922333,-1140.1399061484099,215.69235594731353,-1141.0425221242915
596857.188,145.49102139618176,-1128.9760652159098,212.60738209056177,-1131.3884000268251
602069.045,143.38643144590424,-1117.92798777983,209.57785690713874,-1121.8106514382198
607326.413,141.04833991721065,-1107.1582174668656,206.60275597179995,-1112.3088398690466
612629.689,138.85555864460687,-1096.2289150343615,203.68107516523438,-1102.8825275068918
617979.274,136.60407483915608,-1085.7220110099909,200.81182915422139,-1093.5312718989308
623375.573,134.63177069763498,-1075.0764141662896,197.9940510822708,-1084.2546263809675
628818.993,132.56978559015764,-1064.6576028427799,195.22679326407723,-1075.052143838549
634309.946,130.64733326521502,-1054.2806238240019,192.50912528021152,-1065.9233718707083
639848.847,128.6857395566775,-1044.0304383561609,189.8401346931974,-1056.8678565470332
645436.114,126.53504639544481,-1033.9596758995358,187.2189266832796,-1047.8851426273573
651072.171,124.75301130109253,-1023.9593352468448,184.6446223389589,-1038.974769066778
656757.442,123.03919203271438,-1013.9713447692925,182.1163611174769,-1030.1362788545184
662492.359,121.3289012419228,-1004.1474890015842,179.63329690002428,-1021.3692066754695
668277.353,119.45291923645745,-994.2155583709923,177.1946016799813,-1012.6730931353497
674112.863,118.02115923850558,-984.575030799869,174.79946135330783,-1004.0474712187927
679999.33,116.25920720831469,-974.7236484571833,172.4470780248995,-995.4918757041037
685937.198,114.80245103089094,-965.4320871315952,170.1366692387429,-987.0058417524889
691926.917,113.38358344574824,-955.7545373898912,167.86746653252055,-978.588900851012
697968.939,111.92464665000666,-946.3135605122959,165.63871672425645,-970.2405867589207
704063.721,110.49431292211803,-936.8783854369265,163.44968048333658,-961.9604314492711
710211.723,109.14444735081618,-927.658734210563,161.29963280579776,-953.7479680791945
716413.411,107.89747612027472,-918.4078265513581,159.18786170015804,-945.6027271649258
722669.253,106.62992170309714,-909.2200068373285,157.11366932951876,-937.5242421081325
728979.723,105.52256364763831,-900.1412913792622,155.07637039505394,-929.5120441132904
735345.296,104.44838348123119,-891.1115366421349,153.07529352276578,-921.5656687537128
741766.454,103.39734040192845,-882.0910062231467,151.10977908007848,-913.6846485064141
748243.684,102.52142252566985,-873.2458843646946,149.17917964449268,-905.8685156024657
754777.473,101.52977523925756,-864.3478465398516,147.28286123278036,-898.1168081409363
761368.317,100.8073362319471,-855.8748782876703,145.4202004011883,-890.4290594035365
768016.713,100.05179415526014,-847.0761596784955,143.59058637328212,-882.8048075636502
774723.163,99.31913589561917,-838.5368674558549,141.79341964165317,-875.243591028787
781488.176,98.72425080568048,-830.0877474269032,140.0281112636836,-867.7449464409112
788312.262,98.42391079262912,-821.8515561308349,138.29408424536578,-860.3084155319741
795195.937,97.66902975356459,-813.5531732951127,136.59077199842653,-852.9335396177142
802139.721,97.46561715669345,-805.1193996944615,134.91761866585216,-845.6198619476921
809144.14,96.85801757603677,-796.9758369734369,133.27407844525254,-838.3669257221859
816209.722,96.6418361429082,-789.1110586139228,131.65961634191686,-831.1742783680629
823337.003,96.63804468694507,-780.9742510159384,130.07370658355765,-824.0414654686552
830526.52,96.4722032560195,-773.321386449463,128.5158340305784,-816.9680379831374
837778.817,96.23176624614479,-765.6995882828486,126.98549263905124,-809.9535462845972
845094.442,96.21264309482808,-758.0579113562821,125.48218595573817,-802.9975432756331
852473.948,95.98719907079014,-750.6705150611583,124.00542672512061,-796.0995834933358
859917.894,96.18436630773384,-743.148290692508,122.55473653148192,-789.2592223049303
867426.841,96.36129217072886,-736.0289340698138,121.12964640954789,-782.4760196671184
875001.358,96.74044586979565,-728.5164437017846,119.72969551375388,-775.7495347055168
882642.017,95.97490047617022,-721.0887240210748,118.35443192092895,-769.0793303574626
890349.395,96.43763760736059,-714.1002054725511,117.00341207919676,-762.4649716007026
898124.075,96.57246101050194,-706.9411140268958,115.67620048546863,-755.9060246931731
905966.646,96.55662350122489,-700.1115212662694,114.37236955553081,-749.4020573144365
913877.698,97.11279761251,-693.287712993931,113.09150029345801,-742.9526427395328
921857.832,97.54287128872743,-686.0344127666042,111.83318050232687,-736.557351673951
929907.649,98.26128504550331,-679.2126462933302,110.59700643001956,-730.2157613097714
938027.759,98.74216507322026,-672.3090014071915,109.38258119467267,-723.9274481247747
946218.775,99.20986938328353,-665.6915081693649,108.18951558445244,-717.6919927199257
954481.316,100.44539020525502,-658.6923937831887,107.01742745853824,-711.5089775002181
962816.007,101.44463789894685,-651.9483690871485,105.86594162821545,-705.377986773131
971223.478,102.79081428771373,-645.28374758565,104.7346898716168,-699.2986075570665
979704.364,104.42047969631834,-638.9027588409591,103.62331079931813,-693.2704296052809
988259.307,106.31894449759645,-632.7126908501906,102.53144947041424,-687.2930440411047
996888.953,108.39945336275231,-626.7371717725224,101.45875766371353,-681.3660455362907
1005593.955,110.8045376127532,-621.0304544540494,100.40489337432285,-675.4890302557591
1014374.97,113.55703370861129,-615.761962109321,99.3695210681209,-669.6615979555663
1023232.663,116.56380571009747,-611.0615050894194,98.35231108826105,-663.8833493436146
1032167.702,119.8567024318623,-606.8442229105357,97.35294012955221,-658.1538894270474
1041180.763,123.32360816420777,-603.5706835516597,96.37109055041729,-652.472824275062
1050272.529,126.82808401559836,-600.9756831062101,95.40645040176439,-646.8397617903867
1059443.685,129.99317296631077,-599.4690643249338,94.4587138464757,-641.2543148233009
1068694.925,132.6993915603067,-598.8759298323139,93.52758030758831,-635.7160968478552
1078026.948,134.75594512786645,-599.3495755864734,92.61275479479997,-630.2247244869344
1087440.46,135.55240130755178,-600.6193893568174,91.71394760343507,-624.7798163462382
1096936.173,135.0172629735464,-602.1605371920481,90.83087432055925,-619.3809936555778
1106514.804,133.2930823970212,-603.9307705674297,89.9632558172073,-614.0278808465877
1116177.077,130.0206735030589,-605.3152791657509,89.11081796690577,-608.7201044366519
1125923.722,125.43467736419524,-605.727437681728,88.27329164813594,-603.457293629671
1135755.477,120.16080441615817,-605.3384068712666,87.45041248631276,-598.2390792781431
1145673.085,114.38516503844703,-603.7640769550543,86.6419210252578,-593.065095536397
1155677.294,108.28630565268399,-601.1223558453635,85.84756262574066,-587.9349798226423
1165768.862,102.39695581199942,-597.4865343027597,85.06708698473048,-582.8483702823166
1175948.552,96.74289829547055,-592.906458340502,84.30024845986887,-577.8049084192497
1186217.132,91.32170077820301,-587.7509533019407,83.54680597230265,-572.8042390504202
1196575.379,86.3214644398051,-582.1071304905848,82.80652262970546,-567.8460083627291
1207024.076,81.84601086436392,-575.9194010442515,82.07916587642994,-562.9298654298611
1217564.013,77.8175515360619,-569.4928493664007,81.3645073432228,-558.055461743883
1228195.986,74.37301546841874,-562.882135595418,80.66232283927658,-553.2224516937337
1238920.8,71.25070793468298,-556.0798997652624,79.97239208103139,-548.4304912222801
1249739.264,68.52961970790469,-549.3011114940574,79.29449894691244,-543.6792401016664
1260652.197,66.23711959207628,-542.439923008785,78.62843102090933,-538.9683592709144
1271660.424,64.27785566523195,-535.6265670149272,77.97397978198845,-534.2975126462622
1282764.776,62.594349791524174,-528.883762741929,77.3309405274262,-529.6663670967538
1293966.093,61.22718705427104,-522.2526463641452,76.69911213070192,-525.0745911999254
1305265.222,60.03254782072038,-515.6540329125761,76.07829709805159,-520.5218561192489
1316663.017,59.0895411595123,-509.2749375163902,75.46830150233042,-516.0078356085318
1328160.34,58.23025933755115,-502.9833379663881,74.86893486642508,-511.53220562829347
1339758.059,57.6815552454292,-496.8408019691866,74.2800102060224,-507.09464513777004
1351457.051,57.05439750026597,-491.05416282843527,73.70134381318745,-502.69483494130566
1363258.201,56.5834586391652,-485.23110029336016,73.13275525445835,-498.3324581153451
1375162.4,56.28189200683903,-479.471456611566,72.57406740788508,-494.0072007531815
1387170.549,55.86317567148771,-473.76529062380587,72.02510621550933,-489.71875050838213
1399283.555,55.61547234603057,-468.23045081490096,71.48570081702346,-485.4667980678134
1411502.334,55.45815690394561,-462.5151047967085,70.9556833560829,-481.251036081547
1423827.809,55.305692337035445,-456.9437115743384,70.43488901660947,-477.0711598795447
1436260.913,55.280023098279315,-451.46295738341047,69.92315584320218,-472.92686646302127
1448802.584,55.41753475902091,-446.05860396565976,69.42032489811348,-468.8178561951535
1461453.771,55.451596302779606,-440.68789105275397,68.92623996331044,-464.7438308081534
1474215.431,55.84209533718077,-435.5426954091046,68.44074761827729,-460.70449443328994
1487088.528,56.040857610008985,-430.50239727522836,67.96369722665649,-456.6995539112241
1500074.034,56.36216947613003,-425.4199701868228,67.49494084665784,-452.72871846254264
1513172.932,56.72529031534292,-420.24616436418376,67.03433307867304,-448.7916987930659
1526386.212,57.12896725254571,-415.2870275400221,66.5817311664146,-444.88820833942196
1539714.873,57.58027808611531,-410.1851398732286,66.13699487912002,-441.01796266169976
1553159.922,58.23938156157214,-405.2528309841457,65.69998650131426,-437.1806797439588
1566722.375,59.08360828352463,-400.3796479524207,65.27057075549595,-433.3760797069172
1580403.258,60.061247380764,-395.57544328526143,64.8486147304252,-429.6038845479889
1594203.604,61.07977042487967,-390.9755431309023,64.43398793318168,-425.8638189817866
1608124.457,62.253353124486715,-386.44787030442325,64.02656212535454,-422.15560934589314
1622166.87,63.466217058805704,-382.05255710844455,63.62621134706977,-418.4789841727731
1636331.904,64.97674216630803,-377.9487294263071,63.232811904758414,-414.8336744489816
1650620.628,66.52549879577771,-374.05366905902963,62.84624232846675,-411.21941359559906
1665034.125,67.87997516269112,-370.6053742450926,62.46638317388449,-407.63593596916365
1679573.482,69.03641347701273,-367.32350477938223,62.09311725478069,-404.08297939011607
1694239.8,69.82099252243657,-363.9993492812449,61.726329341658534,-400.5602826531615
1709034.186,70.70167308008054,-360.52158256133,61.36590633334517,-397.0675874989039
1723957.759,71.62748294131721,-356.91398627700994,61.011737070090426,-393.60463716602385
1739011.648,72.80612751737404,-353.4344998471399,60.66371235229752,-390.17117689592556
1754196.989,74.03474777795472,-350.1345283198651,60.321724974236474,-386.7669546090426
1769514.932,75.22270615317495,-347.1248680082461,59.985669531221276,-383.3917193261926
1784966.633,76.34162576700565,-344.23616560385585,59.655442567716925,-380.045222968601
1800553.262,77.45526340802412,-341.3306029035368,59.330942369976725,-376.7272185992544
1816275.995,78.37187251012497,-338.60429825950064,59.012069105673554,-373.43746215857385
1832136.022,79.38210931778794,-335.86370247514697,58.6987246262418,-370.1757107622082
1848134.541,80.20010889923759,-333.3173359176213,58.39081256055306,-366.94172397400155
1864272.762,80.95638766251065,-330.85373311299355,58.088238205467675,-363.73526298075825
1880551.905,81.47060583404517,-328.27519048325206,57.7909085368184,-360.55609100996395
1896973.199,81.91015850782105,-325.40601645745585,57.498732197277626,-357.403973514492
1913537.888,82.46294430647217,-322.3388779528269,57.21161936217492,-354.27867702728406
1930247.222,83.21745098211963,-319.07074087900963,56.92948187180812,-351.17997088872283
1947102.464,84.32870891838039,-316.0267332913634,56.65223308031342,-348.1076259077842
1964104.89,85.82526949400369,-312.9379721762214,56.37978783398102,-345.0614143986518
1981255.784,87.32058426283531,-310.1574422738499,56.11206252654763,-342.04111108703785
1998556.442,89.02439486144092,-307.41655363780416,55.84897500744353,-339.04649237945046
2016008.172,90.90324186835875,-304.7459450313629,55.590444558600225,-336.0773363784298
2033612.294,92.87625740808305,-302.60638138862026,55.336391871409454,-333.13342289565594
2051370.137,95.31451160806621,-300.721734091177,55.086739065475385,-330.2145339519292
2069283.046,97.61562888846545,-299.2606851341813,54.84140956592253,-327.32045262335424
2087352.373,99.76515071836852,-298.23574682987527,54.600328206671676,-324.4509645218541
2105579.484,102.05472000455103,-297.3112531038407,54.36342110974884,-321.60585664985655
2123965.757,103.90566618377055,-297.0979764318328,54.130615691863284,-318.78491773684146
2142512.583,105.87818564195535,-297.24196707407606,53.90184063054213,-315.9879380932351
2161221.362,107.39421991778443,-297.6370765978089,53.677025891680394,-313.21471021296236
2180093.51,108.48321136376731,-298.2671366610379,53.45610262276189,-310.46502772478476
2199130.452,109.45500213884667,-298.9169373494378,53.23900321679327,-307.7386864356572
2218333.629,109.87917999261964,-299.8479580923998,53.025661210300264,-305.0354833146415
2237704.49,110.00862042040522,-301.25903214021645,52.81601135404807,-302.35521763531864
2257244.501,109.53069138144825,-302.72114426246026,52.60998949343356,-299.6976897100234
2276955.139,108.46790191896534,-303.80680759569356,52.407532616156146,-297.0627017378482
2296837.894,107.3134568237972,-304.6920273741454,52.20857881120315,-294.45005752510207
2316894.268,105.59695608854082,-305.24170687997463,52.01306726014625,-291.8595626163612
2337125.777,103.73362367054479,-305.95653564926226,51.82093819901521,-289.29102403345087
2357533.952,101.60522383178136,-306.5049172740116,51.63213289249524,-286.7442501631974
2378120.334,99.17043919556124,-306.6192877448456,51.44659366301489,-284.2190513857537
2398886.48,96.76960323908263,-306.4096274909381,51.26426381764529,-281.7152393235639
2419833.959,94.33651977789835,-306.00380102581073,51.08508766795836,-279.2326273392808
2440964.355,91.57393463016217,-305.48605846336574,50.90901048703813,-276.77103017453857
2462279.266,88.69044042507122,-304.8418470566995,50.73597850267192,-274.33026407789004
2483780.302,85.7701619628806,-303.79062795832766,50.56593889716885,-271.91014703085443
2505469.088,82.87820323180304,-302.4412031127858,50.398839766895364,-269.51049840140325
2527347.265,80.18571073057987,-301.1527466866171,50.23463010047576,-267.1311388465089
2549416.485,77.30188372677887,-299.45327930680645,50.07325980152808,-264.7718908600061
2571678.418,74.27329283867432,-297.76096974141694,49.914679621467236,-262.4325780140796
2594134.745,71.20174907425002,-295.82780214061967,49.75884119621593,-260.1130257093947
2616787.165,68.2506234926299,-293.5453964119245,49.60569698197199,-257.8130604398959
2639637.39,65.3027387301038,-291.14879225635343,49.455200276609666,-255.53251031748414
2662687.147,62.44480867168058,-288.35859882958835,49.30730519164051,-253.2712048627002
2685938.178,59.56134836555365,-285.34091596832695,49.16196663873767,-251.02897500619073
2709392.241,56.840429520528595,-282.0517683138965,49.01914031038576,-248.80565299506443
2733051.109,54.42109609131632,-278.49123666496433,48.87878267331324,-246.60107249255896
2756916.57,52.26153028740745,-274.84223796926767,48.7408509554004,-244.4150685760548
2780990.428,50.357906763425,-271.008066357914,48.60530312718292,-242.24747764489635
2805274.503,48.723994706292736,-267.07816632459605,48.4720978897861,-240.0981374242054
2829770.631,47.300993278709896,-263.1275999657179,48.34119466296335,-237.96688696749013
2854480.663,46.20838566087199,-259.2055905614451,48.21255357838392,-235.8535667429155
2879406.467,45.43868748622193,-255.32486262424,48.08613545722421,-233.75801845979575
2904549.928,44.83823118396035,-251.70425380269677,47.961901799234596,-231.68008507532136
2929912.945,44.32414140349255,-248.10800629793374,47.83981478613348,-229.61961104160397
2955497.437,43.77875089332564,-244.65139467649263,47.71983724122091,-227.57644181424644
2981305.336,43.350109851209716,-241.18687681578533,47.601932652138295,-225.55042442103138
3007338.595,43.03364735452463,-237.7731603099152,47.48606512280185,-223.541406825248
3033599.18,42.78034843764489,-234.31861883618964,47.3721993995265,-221.5492385550943
3060089.077,42.657992171638526,-230.86079849260904,47.26030082923665,-219.57377016038689
3086810.289,42.66798440153304,-227.41239980951968,47.15033536308963,-217.61485344918069
3113764.834,42.972668560040255,-224.04885351801866,47.04226955423955,-215.67234162887743
3140954.752,43.380256203735854,-220.89260257812956,46.93607051979576,-213.74608879980096
3168382.096,43.8354740483535,-217.9147350198136,46.831705967244595,-211.83595060343632
3196048.94,44.22110491809327,-215.02870618353185,46.72914415336767,-209.94178365123975
3223957.376,44.58529213446431,-212.1774347245302,46.62835388717494,-208.06344574323208
3252109.512,45.0650869687434,-209.29468188129664,46.52930452769026,-206.2007959988249
3280507.479,45.63932199173036,-206.45210128812627,46.431965950309355,-204.35369439304165
3309153.42,46.34028580724612,-203.70761001038863,46.33630857631646,-202.52200247952905
3338049.504,47.092802058596845,-201.06785592209167,46.24230331645022,-200.7055824824287
3367197.912,47.843941479752125,-198.48793484090405,46.149921609317815,-198.90429819339423
3396600.849,48.71993515361747,-195.95513307803395,46.059135373646946,-197.11801421257613
3426260.538,49.67954651730493,-193.51503572946535,45.969917019938485,-195.3465963298553
3456179.22,50.73240614733372,-191.14308007569423,45.88223944193699,-193.58991151858316
3486359.157,51.836761948593,-188.88424456396143,45.79607599976586,-191.8478277571099
3516802.63,53.0045730199191,-186.72827074006673,45.71140051821541,-190.12021414857094
3547511.941,54.3055963433301,-184.70021594192383,45.62818727351986,-188.40694080681973
3578489.411,55.62179921504954,-182.82009157180624,45.54641099147999,-186.70787897046395
3609737.381,56.99723715641757,-181.06993018016246,45.466046837209475,-185.02290094441858
3641258.214,58.407029073936975,-179.42965267077795,45.387070402902665,-183.35187999376623
3673054.292,59.866423455096204,-177.94889416227156,45.30945770849135,-181.69469050590442
3705128.018,61.41822896195405,-176.62022181697577,45.23318518947906,-180.05120788183203
3737481.818,62.9786709305985,-175.4587416298809,45.15822968560967,-178.4213084372943
3770118.136,64.5931390564489,-174.51424296100578,45.08456844590014,-176.8048696569706
3803039.441,66.21942590370098,-173.80252730037483,45.01217910592627,-175.2017698432518
3836248.219,67.8051189324975,-173.33118727718545,44.941039699310565,-173.61188851112658
3869746.983,69.37154096347031,-173.12994206341,44.87112862949977,-172.0351059031101
3903538.263,70.83462876088227,-173.1834848556484,44.802424685023716,-170.4713034692071
3937624.614,72.14091350209418,-173.5242870593014,44.734907016410794,-168.92036348668375
3972008.613,73.24169161827399,-174.14138748777629,44.66855513663452,-167.3821692044217
4006692.859,74.08332599632745,-174.9628775169724,44.603348915110885,-165.85660484171896
4041679.974,74.60803199116492,-175.98168804824707,44.53926856995266,-164.3435555435483
4076972.601,74.80389914864757,-177.1432144831257,44.47629466585314,-162.8429074659991
4112573.41,74.61144537573486,-178.39191744527164,44.414408097749615,-161.35454752082833
4148485.092,74.04278528428053,-179.62317008436398,44.35359009622596,-159.87836363379088
4184710.36,73.0248218370883,-180.7823585100096,44.29382221995118,-158.4142446964406
4221251.953,71.61763498458907,-181.76968654362736,44.23508634370305,-156.96208040346266
4258112.634,69.89860038449106,-182.4950064238283,44.177364656723064,-155.52176133789
4295295.188,67.9364958716985,-182.89957694739408,44.12063966060763,-154.0931790474644
4332802.426,65.84117635781871,-182.95256690814287,44.0648941579809,-152.67622588790138
4370637.184,63.61981940003991,-182.64277834152014,44.01011124930271,-151.27079506504168
4408802.322,61.432523717288994,-181.99129844739613,43.956274329478774,-149.87678067237542
4447300.723,59.336580286035115,-181.0452845272623,43.9033670842971,-148.49407772421023
4486135.3,57.34998631852542,-179.86631612640807,43.8513734761406,-147.12258190458303
4525308.986,55.523597231000295,-178.4622084743166,43.800277753088956,-145.7621899257803
4564824.744,53.83477520108672,-176.9158983478389,43.75006443092594,-144.41279917380015
4604685.56,52.33316933608341,-175.23772643040567,43.70071829797414,-143.074307953913
4644894.447,51.03014850593848,-173.52724589633166,43.65222440550003,-141.74661535148144
4685454.445,49.87632094433195,-171.77690709010932,43.60456806357327,-140.4296212344488
4726368.619,48.89577265571359,-170.04529299596038,43.557734839216245,-139.12322631840544
4767640.063,48.00085780274532,-168.3360980927046,43.51171054763353,-137.82733203781032
4809271.897,47.204923641774634,-166.6429586427502,43.466481251686815,-136.54184064357244
4851267.266,46.50313681870062,-165.02344393995634,43.422033258798294,-135.26665523035933
4893629.346,45.85932409691959,-163.4582620146767,43.37835311061879,-134.00167955316311
4936361.339,45.25004487026911,-161.9293742126247,43.33542758460903,-132.74681818157669
4979466.474,44.67682993627542,-160.440307231343,43.293243689060276,-131.5019764667253
5022948.011,44.11694660376835,-158.9667101086101,43.25178865549605,-130.26706042618866
5066809.236,43.620102398582944,-157.55371583372695,43.21104993995325,-129.04197688893964
5111053.465,43.14650095505814,-156.15933184200915,43.17101521552533,-127.82663338046729
5155684.042,42.69309966541409,-154.81659557122794,43.13167237073756,-126.62093817917781
5200704.34,42.25251994338333,-153.543472129334,43.093009505133075,-125.42480028772937
5246117.763,43.65612951762987,-152.6123236757338,43.05501492420718,-124.23812938061671
5291927.744,43.19774498019861,-151.44950275143103,43.017677137850725,-123.06083585830184
5338137.745,42.704660196146015,-150.37190452782588,42.98098485699728,-121.89283084545637
5384751.26,42.13610822169908,-149.32288745425066,42.94492698801869,-120.73402611478025
5431771.812,41.49139672612687,-148.3008929697393,42.90949263197801,-119.58433416318289
5479202.955,40.76050626488503,-147.2523430894019,42.874671079931886,-118.44366816082099
5527048.275,39.95143401858699,-146.14398464197518,42.84045180920593,-117.31194192792609
5575311.388,39.07803904386828,-144.96940272763575,42.80682448187152,-116.1890699826172
5623995.943,38.17028952038323,-143.6855927020875,42.7737789396832,-115.07496747008183
5673105.619,37.26735209103832,-142.30974488018842,42.74130520328224,-113.96955023200992
5722644.13,36.41403337916568,-140.82079228688005,42.70939346603023,-112.872734693135
5772615.219,35.62398760173793,-139.24566218113313,42.67803409518963,-111.78443799581788
5823022.664,34.91741908578231,-137.6089613781995,42.64721762529785,-110.70457786619684
5873870.275,34.32437416754794,-135.93537832908675,42.616934757442145,-109.63307268074284
5925161.896,33.825051948633266,-134.25464889917146,42.58717635541164,-108.5698414231834
5976901.404,33.43887949223218,-132.6018777695478,42.55793344373349,-107.51480370572038
6029092.71,33.13493750287897,-131.00075659950127,42.52919720455827,-106.46787974793573
6081739.76,32.87837482185329,-129.48019707333702,42.50095897465952,-105.42899035720875
6134846.532,32.646840079916025,-128.03372727044624,42.47321024460337,-104.39805698757085
6188417.042,32.40606496039853,-126.64508297733227,42.44594265317824,-103.37500162192062
6242455.338,32.146816917371375,-125.2964657969048,42.419147988202766,-102.359746888643
6296965.506,31.874106381948494,-123.9713859919358,42.392818181166085,-101.3522159466455
6351951.665,31.577902378323607,-122.65572584294812,42.36694530746018,-100.35233257925574
6407417.973,31.26347037665739,-121.34501291184941,42.341521581287395,-99.36002108351907
6463368.622,30.930026493438962,-120.01490571271808,42.3165393558734,-98.37520636160752
6519807.842,30.599517719885036,-118.6604180596978,42.29199111948449,-97.39781384851469
6576739.898,30.285400101995346,-117.26123440639093,42.26786949467279,-96.4277695644226
6634169.095,30.01577201476207,-115.84580341156789,42.24416723408484,-95.46500002860353
6692099.773,29.798436201365025,-114.42996635514542,42.220877220585926,-94.50943234465659
6750536.311,29.634425413523505,-113.02257377283678,42.197992463608614,-93.56099413235074
6809483.128,29.51904924162878,-111.64461713726702,42.17550609690447,-92.6196135129333
6868944.677,29.43232962690078,-110.31550118960456,42.15341137893881,-91.68521920457665
6928925.455,29.365928020041,-109.03172242537556,42.13170168724349,-90.75774036289762
6989429.995,29.30271720061174,-107.8001654646181,42.11037051962723,-89.8371067077405
7050462.871,29.224024406322773,-106.61213873902618,42.089411490549864,-88.92324844457552
7112028.696,29.119419372131166,-105.44737430184462,42.06881833010429,-88.01609629510581
7174132.124,28.996665127693152,-104.30478452779892,42.048584881625516,-87.11558146705276
7236777.85,28.85544389505894,-103.1668596790669,42.02870510005095,-86.2216356546485
7299970.609,28.68510140707471,-102.04327314636808,42.00917305060359,-85.33419105261713
7363715.177,28.488474369828943,-100.91963575536342,41.98998290685368,-84.4531803409933
7428016.374,28.261211790437244,-99.78612787127949,41.97112894827103,-83.5785366439165
7492879.06,28.00973952209983,-98.62481417680544,41.95260555990756,-82.71019358485869
7558308.137,27.72826765686478,-97.42818537617273,41.93440723027016,-81.84808525788183
7624308.552,27.436643390264116,-96.18034452952159,41.91652854903823,-80.99214618822917
7690885.294,27.15275926303558,-94.86612951395821,41.89896420648996,-80.14231137218266
7758043.396,26.890248351153133,-93.49100803481561,41.881708991552586,-79.29851625052444
7825787.933,26.673705603629525,-92.04593008146574,41.86475779094297,-78.46069673311098
7894124.026,26.517952457208494,-90.5541302974295,41.848105586806284,-77.62878914828187
7963056.842,26.425650531951533,-89.01474283347959,41.83174745546706,-76.80273024408281
8032591.591,26.423891046434505,-87.43674036638497,41.81567856687987,-75.98245722415368
8102733.529,26.52370445386676,-85.83821231089406,41.79989418265651,-75.16790771078196
8173487.958,26.731901068970405,-84.23125940536228,41.78438965487124,-74.35901974495003
8244860.227,27.056554660521055,-82.63887690589831,41.769160424673686,-73.55573177483508
8316855.73,27.49396944021643,-81.08745268889882,41.754202021569405,-72.7579826779725
8389479.91,28.03663647670552,-79.58403182455872,41.73951006145577,-71.9657117160518
8462738.257,28.68290180753291,-78.1393287239945,41.725080245973395,-71.17885855739326
8536636.308,29.43640478979629,-76.768117661895,41.71090836143287,-70.39736327604209
8611179.649,30.301063723883136,-75.4800093635024,41.696990277394036,-69.6211663298799
8686373.915,31.276593083242894,-74.31293821047052,41.683321945683325,-68.85020856068526
8762224.79,32.36108781359807,-73.28927235495541,41.66989939942964,-68.08443119383232
8838738.007,33.536087950348694,-72.45264438810933,41.656718752119446,-67.32377583764733
8915919.351,34.766819974699544,-71.8331845028598,41.643776196175395,-66.56818445329787
8993774.655,36.009076734956736,-71.46543685611907,41.63106800276252,-65.81759939400997
9072309.805,37.20220519754716,-71.37220124556885,41.61859052009721,-65.07196335560232
9151530.737,38.26552894312249,-71.52940208448712,41.60634017312619,-64.33121940530907
9231443.439,39.134468262505536,-71.90942951587095,41.5943134624066,-63.5953109619866
9312053.952,39.767632906232286,-72.44961228328798,41.582506963200494,-62.86418178670937
9393368.371,40.142247308369434,-73.08463016747996,41.57091732461284,-62.13777597385738
9475392.84,40.26084141812801,-73.76105203091234,41.55954126959263,-61.41603799506226
9558133.56,40.12951235064111,-74.43295746989537,41.54837559311109,-60.69891262705072
9641596.787,39.76463264486134,-75.05282857600159,41.5374171618353,-59.986344970229766
9725788.828,39.18296216960401,-75.57835551594118,41.52666291402742,-59.27828048203279
9810716.048,38.42030422448137,-75.97600909088625,41.51610985803403,-58.57466491650363
9896384.868,37.511147939635265,-76.22381231031035,41.50575507201475,-57.87544434173134
9982801.761,36.4928682243936,-76.32385848570304,41.495595703881534,-57.180565171418756
10069973.262,35.37367298665008,-76.26771349035288,41.48562896960453,-56.48997408322726
10157905.958,34.17060113075148,-76.04253336803066,41.47585215392414,-55.80361809885494
10246606.498,32.912416833906626,-75.61399457056307,41.46626260876511,-55.12144450415274
10336081.586,31.6445616222081,-74.98258934122148,41.45685775361863,-54.443400903689685
10426337.985,30.41529445837273,-74.13758008602694,41.44763507471296,-53.769435188750876
10517382.518,29.279059443609405,-73.10347229448531,41.43859212457209,-53.09949552964466
10609222.068,28.262840782191304,-71.91031851258079,41.42972652170941,-52.43353037555049
10701863.575,27.40511659151733,-70.59969573151152,41.4210359506218,-51.7714884753455
10795314.044,26.714237417678397,-69.22551701143144,41.412518160772315,-51.11331881938807
10889580.538,26.17292057683997,-67.83333193731825,41.40417096703273,-50.45897068931125
10984670.183,25.76643615916619,-66.43898094807658,41.395992249024815,-49.80839362176505
11080590.167,25.48231179746551,-65.06583001950807,41.38797995105765,-49.16153741505895
11177347.74,25.315007798932083,-63.73238765144553,41.38013208199521,-48.51835212832958
11274950.216,25.235082392461123,-62.45922984196358,41.372446714995824,-47.87878806743754
11373404.974,25.215480944505952,-61.267023181534014,41.364921987381706,-47.2427957781392
11472719.455,25.22330339179407,-60.139465508374414,41.35755610084127,-46.61032606481777
11572901.167,25.233400567643802,-59.04967660508999,41.35034732105223,-45.98132995745221
11673957.682,25.258934222192376,-57.96692904867781,41.34329397794876,-45.35575873018455
11775896.64,25.326556478092545,-56.88458031357939,41.33639446551255,-44.733563875613086
11878725.746,25.4609487489979,-55.813715308463856,41.329647242095525,-44.114697122729666
11982452.773,25.67214440226667,-54.78767100345926,41.32305083036003,-43.4991104177108
12087085.562,25.951269697057295,-53.82907204420374,41.316603817468106,-42.88675592340082
12192632.021,26.283246667460595,-52.9597246982488,41.3103048553606,-42.277586024264984
12299100.131,26.65678807643314,-52.2104038049287,41.30415266065889,-41.671553291052525
12406497.937,27.022005898380154,-51.610083294419006,41.29814601549178,-41.068610531666316
12514833.56,27.31104308211314,-51.146757635282434,41.29228376713893,-40.46871072211644
12624115.187,27.469543760340414,-50.76503439382961,41.28656482897028,-39.87180706207433
12734351.079,27.52482718164446,-50.40723150956598,41.280988180418966,-39.27785292934732
12845549.57,27.48410609220228,-50.08125901064395,41.27555286750571,-38.686801885189674
12957719.065,27.294069246346695,-49.76758922822103,41.270258003434996,-38.09860768411696
13070868.043,26.955246584127835,-49.38814353473589,41.26510276898482,-37.513224256944255
13185005.056,26.515812712919587,-48.89771258168565,41.26008641313665,-36.930605715141866
13300138.733,26.000591697744383,-48.278524909061275,41.25520825352682,-36.3507063295343
13416277.777,25.43831334854891,-47.493600366634155,41.25046767725539,-35.77348054493893
13533430.966,24.896925880241987,-46.52634381901018,41.24586414155347,-35.19888297388455
13651607.157,24.437347394461,-45.385322080352005,41.24139717439038,-34.6268683760896
13770815.282,24.111085366226842,-44.107204154189326,41.237066375443746,-34.05739167721008
13891064.352,23.94351905633793,-42.731571171590616,41.23287141680437,-33.49040794837977
14012363.457,23.949642410062097,-41.30630433607067,41.22881204389157,-32.925872405521524
14134721.767,24.135322088105823,-39.85401367480593,41.22488807638225,-32.36374040386553
14258148.53,24.511205443043742,-38.422160527757,41.22109940928477,-31.803967446121497
14382653.076,25.06263925027079,-37.04793908634793,41.217446013872326,-31.246509163051925
14508244.816,25.761983142997067,-35.74436920811071,41.21392793883408,-30.69132131718536
14634933.245,26.588935534830092,-34.508132913337164,41.21054531136414,-30.13835978862638
14762727.939,27.578921403217922,-33.2929492899024,41.20729833847322,-29.58758058734623
14891638.557,28.851220571169407,-32.094716431815776,41.20418730821205,-29.038939843138667
15021674.844,30.55804261037344,-31.079593445216155,41.20121259094143,-28.492393791858532
15152846.63,32.70391801844546,-30.5283180893442,41.198374640763426,-27.94789877890262
15285163.83,35.11141365943663,-30.70461339514586,41.19567399698123,-27.405411258095555
15418636.446,37.46417874632939,-31.805336845138783,41.19311128557893,-26.86488778233624
15553274.567,39.329458373313265,-33.81945157904491,41.190687220809366,-26.326285002604862
15689088.371,40.271828814276844,-36.52160817284777,41.18840260680926,-25.789559658921377
15826088.124,40.05589707664187,-39.43628396246154,41.186258339335055,-25.254668583332506
15964284.182,38.72329236371635,-42.024250675671084,41.184255407512396,-24.721568690923295
16103686.99,36.597285880772176,-43.89849668684175,41.182394895702295,-24.19021698257285
16244307.088,34.098815423814116,-44.91625004001442,41.1806779853442,-23.660570521049614
16386155.104,31.58402985819703,-45.15745662503439,41.17910595704374,-23.13258645663395
16529241.76,29.264669004106427,-44.8135469880103,41.17768019255931,-22.606222003167623
16673577.874,27.197674269704727,-44.09028124693707,41.17640217693235,-22.081434429964304
16819174.354,25.3559497837663,-43.06369879501512,41.1752735007599,-21.558181082623122
16966042.208,23.79566630371306,-41.79916443262694,41.17429586240296,-21.036419345661468
17114192.536,22.53536552805931,-40.40166941120069,41.17347107042581,-20.516106670301607
17263636.537,21.5315164449572,-38.96552642040679,41.172801046000245,-19.997200548362002
17414385.509,20.744146730288083,-37.542689151612926,41.172287825453395,-19.47965851155916
17566450.846,20.113372825657077,-36.17129562342763,41.171933562900605,-18.96343814075975
17719844.043,19.590693970401595,-34.84004745813512,41.171740532934564,-18.44849704768769
17874576.695,19.146292127809115,-33.546215630181216,41.171711133427664,-17.934792877419873
18030660.499,18.776743841799245,-32.26861728757348,41.17184788841685,-17.422283300706457
18188107.253,18.48266088445019,-31.00155019077736,41.172153451080504,-16.910926016266565
18346928.858,18.273870557147532,-29.751911150274207,41.17263060680789,-16.400678743140283
18507137.32,18.153642440447854,-28.538160309995675,41.17328227637132,-15.891499213323552
18668744.749,18.120402991626257,-27.382714293816914,41.174111519186106,-15.383345174053346
18831763.362,18.142393184383177,-26.310401803034384,41.175121536684685,-14.876174377374515
18996205.48,18.18645308717388,-25.323558813507592,41.176315675758694,-14.369944588541825
19162083.535,18.223743325773775,-24.40690767163257,41.177697432367665,-13.86461356340763
19329410.064,18.242355989605198,-23.53755475184521,41.17927045516277,-13.360139066012799
19498197.717,18.24413998415916,-22.70394153819479,41.18103854932715,-12.85647884336453
19668459.252,18.229985492079717,-21.88837543623182,41.18300568041329,-12.353590639774838
19840207.539,18.208992184306013,-21.09701204192247,41.185175978371674,-11.851432183990351
20013455.562,18.16801810550579,-20.3309039908739,41.1875537416831,-11.349961182689961
20188216.414,18.106536375622046,-19.579772357965506,41.1901434415051,-10.849135334176387
20364503.309,18.018196557842078,-18.841219220325954,41.192949726175684,-10.348912293113806
20542329.569,17.899152549904237,-18.109346587309144,41.19597742546893,-9.84924970708349
20721708.639,17.744858879359278,-17.372711135871207,41.19923155540157,-9.350105173355761
20902654.077,17.541000607537693,-16.625502094907876,41.202717322760066,-8.85143626657872
21085179.56,17.290385083415885,-15.820750861752336,41.20644013001324,-8.353200521306755
21269298.887,17.02937982254903,-14.949170773440517,41.21040558031848,-7.855355423472469
21455025.975,16.773791045357367,-14.008061176582844,41.21461948250676,-7.357858420892759
21642374.863,16.55501728866896,-13.000876883785708,41.21908785635846,-6.860666911962866
21831359.712,16.385344682460993,-11.941701394810972,41.223816937928724,-6.3637382453498486
22021994.809,16.277215377144643,-10.846868326757157,41.22881318510637,-5.8670297092458465
22214294.564,16.23589931167103,-9.732860889707442,41.2340832831331,-5.370498539119776
22408273.513,16.25933207749409,-8.615438515065696,41.23963415040585,-4.874101909704548
22603946.318,16.349167098423706,-7.500704103670583,41.24547294434043,-4.377796934927563
22801327.771,16.50543918048912,-6.417372200485592,41.25160706749431,-3.881540657785038
23000432.792,16.704141765636827,-5.379514002421215,41.258044173655435,-3.3852900555933907
23201276.431,16.931957395574486,-4.381940261835903,41.264792174188,-2.889002035101024
23403873.871,17.17099882929842,-3.4349383273740437,41.27185924456593,-2.392633425391482
23608240.426,17.408503062102994,-2.5241899920941484,41.27925383088288,-1.896140983231307
23814391.544,17.628969053520354,-1.6436752776895274,41.28698465667659,-1.3994813861582127
24022342.808,17.82921245751249,-0.7706225227162393,41.2950607298381,-0.9026112306824565
24232109.937,18.019134913208152,0.10097652052676118,41.303491349670004,-0.4054870306000282
24443708.788,18.1814656428184,0.974641931863995,41.31228611413735,0.0919347869189604
24657155.356,18.318541097050556,1.8906566355778454,41.321454927190565,0.5896978803632074
24872465.775,18.45486503261153,2.8666103099112656,41.33100800627739,1.0878459952050594
25089656.32,18.629110592452427,3.9229738579647377,41.340955890053806,1.5864229673794181
25308743.41,18.887772655299674,5.045233460216816,41.35130944630471,2.085472728788522
25529743.605,19.27352128258765,6.204720640413659,41.36207987974,2.585039298949214
25752673.611,19.808576677135413,7.3331075679670885,41.37327874031659,3.0851667947906662
25977550.28,20.467221575257728,8.3720012763538,41.384917931488836,3.585899428800788
26204390.609,21.213698094803174,9.285015317506899,41.397009718550294,4.087281504919339
26433211.746,21.98224842613493,10.034586935952296,41.409566737501116,4.589357429766409
26664030.987,22.684646898494808,10.648461480291266,41.422602003601526,5.092171703689839
26896865.781,23.266720083370934,11.229341272322175,41.4361289205126,5.5957689292626736
27131733.727,23.82620862721951,11.878830787439387,41.45016128914518,6.100193802112214
27368652.58,24.456224267209034,12.55492315782465,41.46471331718213,6.605491121056666
27607640.247,25.20743572985968,13.211749625334614,41.479799628163526,7.111705776497503
27848714.796,26.114366200118067,13.72580311312098,41.49543527152557,7.6188827663087135
28091894.447,27.097349940336965,13.954633426037603,41.51163573165818,8.127067173350683
28337197.585,27.973397035742575,13.835309585363191,41.528416938529126,8.636304189134478
28584642.75,28.541896265240325,13.427360182395585,41.54579527694785,9.14663908899885
28834248.648,28.64993633684261,12.91693511449377,41.56378759738666,9.658117250849036
29086034.147,28.299377371706857,12.560281583047194,41.5824112259319,10.17078414242438
29340018.279,27.627612348088356,12.550008755598931,41.60168397478001,10.684685320824999
29596220.242,26.841324759380203,12.960586183002825,41.62162415288228,11.199866431714026
29854659.405,26.10534719546946,13.744763243756445,41.642250576977844,11.716373214168744
30115355.302,25.51795076156487,14.830220083185804,41.663582581895355,12.234251483198372
30378327.639,25.121078530879082,16.145176250841704,41.685640032001174,12.753547138092431
30643596.294,24.949491440245765,17.645073902219384,41.708443332235944,13.274306156364467
30911181.32,25.047914971013885,19.280102664016653,41.732013439526625,13.796574593323395
31181102.943,25.46694269841153,20.992592793664905,41.75637187388351,14.320398571545248
31453381.568,26.23404845689257,22.669901551084834,41.78154073031761,14.845824285639692
31728037.775,27.31930541148299,24.204631923078292,41.80754268997235,15.372897987247367
32005092.326,28.635901524026696,25.52927667113791,41.834401032367914,15.901665990978085
32284566.163,30.127749935293977,26.642506080616485,41.862139646918735,16.432174662610763
32566480.414,31.760105833954263,27.54785938530329,41.89078304532132,16.964470422214266
32850856.387,33.56379324077097,28.253813026018733,41.92035637283416,17.498599724150452
33137715.578,35.6128970950138,28.670496373215467,41.950885421039864,18.034609063235173
33427079.672,37.87498219589278,28.605342665826196,41.982396640007686,18.57254496715462
33718970.542,40.17764786233728,27.860695213071295,42.014917150293535,19.112453984833536
34013410.252,42.17902145760617,26.324575238183684,42.0484747554254,19.6543826818877
34310421.059,43.469399714775136,24.17245368470419,42.08309795434719,20.198377633759826
34610025.415,43.84045604780032,21.81256465692694,42.11881595391657,20.744485418415127
34912245.966,43.365552031273815,19.657373028287715,42.155658681077824,21.292752603161777
35217105.557,42.298072879685314,17.93981225763099,42.19365679577795,21.843225741979207
35524627.233,40.87312319637863,16.712428428344403,42.23284170344294,22.39595136506012
35834834.241,39.23330681350661,15.943898280951545,42.273245567586535,22.950975969722503
36147750.028,37.4594516938827,15.630900258147134,42.31490132188766,23.508346003740616
36463398.248,35.654991026814116,15.793942131916136,42.35784268343165,24.068107864309873
36781802.761,33.95365906756364,16.41520220417996,42.402104164900145,24.630307882196
37102987.636,32.470601308948105,17.406739489475772,42.447721087256355,25.1949923125496
37426977.152,31.274112823590762,18.652854959849073,42.49472959211684,25.76220732168379
37753795.798,30.36348965527458,20.04190584002005,42.54316665390578,26.33199897165339
38083468.279,29.698593818308183,21.495551424412355,42.593070092825755,26.90441321480701
38416019.516,29.22654655401718,22.98811947320926,42.64447858689264,27.479495877299655
38751474.646,28.94727596412977,24.53971495583906,42.69743168384372,28.05729264217275
39089859.027,28.895776782615517,26.087511749837134,42.75196981371794,28.637849040553462
39431198.236,28.95602963544822,27.62945098414883,42.80813430021613,29.221210430264765
39775518.077,29.259951816065787,29.353235464211973,42.865967373545786,29.80742199105471
40122844.577,30.110249979462164,31.09495024414099,42.92551218116613,30.396528698742223
40473203.99,31.578081994397074,32.427192734946885,42.9868127996615,30.98857531254857
40826622.8,33.348350367289775,32.95377997142818,43.04991424629988,31.583606360129306
41183127.723,34.895172751151996,32.59564017807383,43.11486249023711,32.18166612035074
41542745.706,35.79463302310988,31.608553443125434,43.18170446295048,32.78279860051522
41905503.934,35.8416684895714,30.407278131779048,43.25048806991258,33.387047526446366
42271429.828,35.065818891359065,29.424146437564293,43.32126220037883,33.99445631693594
42640551.048,33.76133437205376,28.971439019876417,43.39407673782176,34.60506806603627
43012895.496,32.19069737054723,29.107286401384467,43.46898257011203,35.21892552476643
43388491.319,30.590792596350603,29.86411778360299,43.5460315994298,35.83607108223413
43767366.907,29.198032436891324,31.11864655200402,43.6252767508336,36.456546738000156
44149550.901,28.1002605648621,32.72549829635579,43.7067719825554,37.08039409031937
44535072.189,27.34593417622439,34.56376059948799,43.790572293462326,37.7076543041489
44923959.914,26.994747497118823,36.54158799710398,43.876733732686695,38.338368098230845
45316243.472,27.04501386417706,38.428172950540166,43.96531340674343,38.9725757153038
45711952.516,27.357514434510914,40.13917049323905,44.05636948753538,39.61031690155216
46111116.957,27.870423372095185,41.59001312407854,44.14996121927766,40.25163088064646
46513766.97,28.386091294012058,42.698338687791875,44.24614892615892,40.89655633527735
46919932.99,28.68875591937624,43.5806093909889,44.3449940171928,41.54513137210185
47329645.72,28.70632757875164,44.44199739854757,44.446558993429214,42.19739350541842
47742936.13,28.508446175083247,45.46862929318166,44.55090745253561,42.85337962588997
48159835.461,28.24791642893242,46.730516599211775,44.658104094074275,43.51312597674545
48580375.227,28.02022707583359,48.23112059608322,44.768214723768075,44.17666812627304
49004587.217,27.943509403513783,49.95317987491047,44.88130625720844,44.844040939821184
49432503.498,28.095629447217142,51.770662689093314,44.99744672325962,45.51527855288172
49864156.415,28.453613816186298,53.5897949886951,45.11670526605881,46.190414338985946
50299578.598,28.966360614621767,55.36664601981704,45.239152148326674,46.86948088809099
50738802.96,29.598197802739485,57.090120587943055,45.36485875159246,47.552509970401715
51181862.704,30.36000924313543,58.74435166932846,45.49389757828883,48.23953251379288
51628791.319,31.16931250994201,60.240760481367225,45.62634225003727,48.93057856368317
52079622.59,31.873420407717532,61.6711515706328,45.762267509313574,49.625677264204555
52534390.595,32.51288785079017,63.17828245335778,45.90174921662934,50.32485681879663
52993129.711,33.191915754055586,64.85926834871591,46.044864349659534,51.02814446431928
53455874.614,34.06622095925146,66.6829900277697,46.19169099982907,51.73556643552415
53922660.283,35.238358707318625,68.51971913952765,46.34230836937184,52.44714793530497
54393522.003,36.700683661976754,70.18994654230907,46.496796767339724,53.16291310303134
54868495.366,38.370644420230185,71.59915622326211,46.655237604171944,53.88288497949888
55347616.277,40.06581903822544,72.50327913617512,46.81771338712275,54.607085479138576
55830920.952,41.295904804852306,73.14264921364487,46.98430771220888,55.3355353497856
56318445.924,42.229601860320834,74.03364294825353,47.15510525799704,56.06825414427948
56810228.046,43.288044992558085,75.11715023559275,47.3301917775835,56.80526018721116
57306304.492,44.453011632274375,76.04531883558667,47.50965408899667,57.54657053841928
57806712.761,45.38186399807228,76.79523058162404,47.69358006577998,58.29220096075389
58311490.679,46.07809602174279,77.74752089324562,47.88205862597871,59.0421658846199
58820676.403,46.6441287401931,78.87359524513688,48.07517972096556,59.796478375297966
59334308.421,47.109252964264634,80.29020595396327,48.27303432184325,60.555150094153326
59852425.561,47.5991379689377,82.1054814835425,48.4757144083696,61.3181912729932
60375066.986,48.28184206380965,84.35318370079312,48.683312951564446,62.08561066759773
60902272.204,49.425064334612856,86.96246986340539,48.895923901178364,62.85741553326635
61434081.067,50.93913100385138,89.5797341692081,49.11364216792475,63.63361158405091
61970533.774,52.52910549010495,92.64192273346055,49.33656360627339,64.41420295783033
62511670.876,55.10519857504754,96.42609523781053,49.56478499711629,65.19919218423054
63057533.278,59.02342646873078,100.21358999386452,49.798404028227054,65.98858014813077
63608162.242,64.61614577435023,103.41293158434995,50.037519274123184,66.7823660546315
64163599.39,71.13098211225358,104.86494819406155,50.2822301749216,67.58054739404245
64723886.709,77.27691799315906,105.37997264403502,50.53263701507873,68.38311990977566
65289066.551,85.33435645061738,105.09458522650819,50.78884089890095,69.19007755912502
65859181.638,92.86157765608789,101.48305523254578,51.05094372722265,70.00141248132815
66434275.066,99.07663843895705,96.28138523276878,51.319048172652984,70.81711496427666
67014390.306,103.85508928813077,89.55018555558622,51.593257652387464,71.63717340710984
67599571.209,106.25817056304581,81.38049903671732,51.87367630181949,72.4615742886639
68189862.011,105.17913053353215,73.3569731089896,52.16040894717159,73.29030213606119
68785307.331,101.70771268860368,67.50983557091055,52.45356107367285,74.12333948368928
69385952.179,97.47499987979057,64.0830057209428,52.75323879749259,74.96066684649557
69991841.959,93.54723131827816,62.79682751827452,53.0595488342545,75.80226268647851
70603022.47,90.64723144210086,62.721850355632945,53.37259846544323,76.64810337672112
71219539.912,88.54597292863994,63.13945101244551,53.69249550626159,77.49816317269978
71841440.888,87.41645183937074,64.36635445928802,54.01934827040876,78.35241417837693
72468772.408,88.0477205149487,65.12744522558695,54.35326553480359,79.21082631544466
73101581.891,89.18602295367664,64.05767289763565,54.69435650217504,80.07336729023208
73739917.173,89.13304129709287,61.824093553843895,55.042730765816984,80.9400025692201
74383826.507,87.98141515501867,59.692385210536635,55.39849826900746,81.8106953440707
75033358.564,85.91560813960864,57.4740174409673,55.76176926377677,82.68540649859887
75688562.444,82.47764799055565,56.12834243082741,56.13265427419649,83.56409458972699
76349487.675,78.75232158015902,56.35893052215416,56.511264051986615,84.44671581273835
77016184.216,75.47915667806346,57.80797777179394,56.897709533200846,85.3332239725618
77688702.462,73.02944984796304,59.76481088241644,57.292101795000235,86.2235704583184
78367093.251,70.88285412908438,62.11068342266923,57.69455201261267,87.11770422107864
79051407.863,69.53716287487953,65.00572337759938,58.105171410540635,88.01557174168262
79741698.024,69.15429086820423,67.75344642597064,58.52407121557175,88.9171170059283
80438015.915,69.21120767955328,70.04692268106841,58.95136261183341,89.82228148695032
81140414.17,69.62457861556472,71.92538503216528,59.38715668815068,90.73100411395211
81848945.885,70.11834200276655,73.29772652847929,59.831564391062145,91.64322125605509
82563664.618,70.60014124636339,74.18590019956335,60.28469647127289,92.5588666952551
83284624.394,70.81008761349592,74.39951829593073,60.746663432139876,93.47787160671845
84011879.713,70.23268792226963,74.00706275158801,61.21757547913107,94.40016454369666
84745485.547,67.99941828429786,73.35299596439147,61.697542461198076,95.32567140933608
85485497.35,64.05950081024508,74.53515480136058,62.186673819494835,96.25431544596314
86231971.061,60.82313053224325,77.90736217500582,62.68507853064054,97.18601721637737
86984963.105,58.517600114237865,82.02766577708368,63.1928650475937,98.1206945837015
87744530.402,57.582717228477286,86.86983833533975,63.71014124489643,99.05826270223301
88510730.368,57.760703043617106,90.76842084074666,64.2370143576156,99.99863399935984
89283620.921,58.380132950987935,94.18437436189764,64.77359092268638,100.94171816478448
90063260.484,57.888371734684675,96.113729233825,65.31997671726783,101.88742213716944
90849707.991,56.08475994328296,99.19327110969078,65.87627669824795,102.83565009560348
91643022.889,54.121165702697446,103.29450617039002,66.44259493802718,103.78630344740918
92443265.146,52.38903242587825,108.92798360010093,67.01903456364788,104.7392808244081
93250495.253,51.83259695810163,115.37602408140293,67.60569769079571,105.69447807321171
94064774.228,52.08630881797551,121.85480182416265,68.2026853583077,106.65178824926764
94886163.624,52.82673509024366,128.9959354780674,68.81009746477994,107.61110161692329
95714725.531,55.06433244611095,136.2242641532131,69.42803269997911,108.57230564376505
96550522.578,57.995954054263386,142.8877848654053,70.05658847534228,109.53528499648996
97393617.946,61.21081196182789,148.85670630037117,70.69586086196237,110.4999215508955
98244075.365,63.88616565011842,155.03397175827476,71.34594451583352,111.46609438484333
99101959.12,67.56845119299841,162.29395181919776,72.00693260902796,112.43367978323653
99967334.06,72.8499902875144,168.67706786910105,72.67891676253883,113.40255124785043
